Mercato;Lingua;Categoria;Intento;Keyword
Italia;it;Siti web;commerciale;realizzazione siti web Treviso
Italia;it;Siti web;commerciale;realizzazione siti web Pordenone
Italia;it;Siti web;commerciale;realizzazione siti web Venezia
Italia;it;Siti web;commerciale;realizzazione siti web Mestre
Italia;it;Siti web;commerciale;realizzazione siti web Padova
Italia;it;Siti web;commerciale;realizzazione siti web Vicenza
Italia;it;Siti web;commerciale;realizzazione siti web Verona
Italia;it;Siti web;commerciale;realizzazione siti web Udine
Italia;it;Siti web;commerciale;realizzazione siti web Conegliano
Italia;it;Siti web;commerciale;realizzazione siti web Oderzo
Italia;it;Siti web;commerciale;realizzazione siti web Montebelluna
Italia;it;Siti web;commerciale;realizzazione siti web Castelfranco Veneto
Italia;it;Siti web;commerciale;realizzazione siti web Vittorio Veneto
Italia;it;Siti web;commerciale;realizzazione siti web Bassano del Grappa
Italia;it;Siti web;commerciale;realizzazione siti web Belluno
Italia;it;Siti web;commerciale;realizzazione siti web Rovigo
Italia;it;Siti web;commerciale;realizzazione siti web Veneto
Italia;it;Siti web;commerciale;realizzazione siti web Friuli Venezia Giulia
Italia;it;Siti web;commerciale;realizzazione siti web Nord Est
Italia;it;Siti web;commerciale;creazione siti web Treviso
Italia;it;Siti web;commerciale;creazione siti web Pordenone
Italia;it;Siti web;commerciale;creazione siti web Venezia
Italia;it;Siti web;commerciale;creazione siti web Mestre
Italia;it;Siti web;commerciale;creazione siti web Padova
Italia;it;Siti web;commerciale;creazione siti web Vicenza
Italia;it;Siti web;commerciale;creazione siti web Verona
Italia;it;Siti web;commerciale;creazione siti web Udine
Italia;it;Siti web;commerciale;creazione siti web Conegliano
Italia;it;Siti web;commerciale;creazione siti web Oderzo
Italia;it;Siti web;commerciale;creazione siti web Montebelluna
Italia;it;Siti web;commerciale;creazione siti web Castelfranco Veneto
Italia;it;Siti web;commerciale;creazione siti web Vittorio Veneto
Italia;it;Siti web;commerciale;creazione siti web Bassano del Grappa
Italia;it;Siti web;commerciale;creazione siti web Belluno
Italia;it;Siti web;commerciale;creazione siti web Rovigo
Italia;it;Siti web;commerciale;creazione siti web Veneto
Italia;it;Siti web;commerciale;creazione siti web Friuli Venezia Giulia
Italia;it;Siti web;commerciale;creazione siti web Nord Est
Italia;it;Siti web;commerciale;agenzia web Treviso
Italia;it;Siti web;commerciale;agenzia web Pordenone
Italia;it;Siti web;commerciale;agenzia web Venezia
Italia;it;Siti web;commerciale;agenzia web Mestre
Italia;it;Siti web;commerciale;agenzia web Padova
Italia;it;Siti web;commerciale;agenzia web Vicenza
Italia;it;Siti web;commerciale;agenzia web Verona
Italia;it;Siti web;commerciale;agenzia web Udine
Italia;it;Siti web;commerciale;agenzia web Conegliano
Italia;it;Siti web;commerciale;agenzia web Oderzo
Italia;it;Siti web;commerciale;agenzia web Montebelluna
Italia;it;Siti web;commerciale;agenzia web Castelfranco Veneto
Italia;it;Siti web;commerciale;agenzia web Vittorio Veneto
Italia;it;Siti web;commerciale;agenzia web Bassano del Grappa
Italia;it;Siti web;commerciale;agenzia web Belluno
Italia;it;Siti web;commerciale;agenzia web Rovigo
Italia;it;Siti web;commerciale;agenzia web Veneto
Italia;it;Siti web;commerciale;agenzia web Friuli Venezia Giulia
Italia;it;Siti web;commerciale;agenzia web Nord Est
Italia;it;Siti web;commerciale;web agency Treviso
Italia;it;Siti web;commerciale;web agency Pordenone
Italia;it;Siti web;commerciale;web agency Venezia
Italia;it;Siti web;commerciale;web agency Mestre
Italia;it;Siti web;commerciale;web agency Padova
Italia;it;Siti web;commerciale;web agency Vicenza
Italia;it;Siti web;commerciale;web agency Verona
Italia;it;Siti web;commerciale;web agency Udine
Italia;it;Siti web;commerciale;web agency Conegliano
Italia;it;Siti web;commerciale;web agency Oderzo
Italia;it;Siti web;commerciale;web agency Montebelluna
Italia;it;Siti web;commerciale;web agency Castelfranco Veneto
Italia;it;Siti web;commerciale;web agency Vittorio Veneto
Italia;it;Siti web;commerciale;web agency Bassano del Grappa
Italia;it;Siti web;commerciale;web agency Belluno
Italia;it;Siti web;commerciale;web agency Rovigo
Italia;it;Siti web;commerciale;web agency Veneto
Italia;it;Siti web;commerciale;web agency Friuli Venezia Giulia
Italia;it;Siti web;commerciale;web agency Nord Est
Italia;it;Siti web;commerciale;sito web aziendale Treviso
Italia;it;Siti web;commerciale;sito web aziendale Pordenone
Italia;it;Siti web;commerciale;sito web aziendale Venezia
Italia;it;Siti web;commerciale;sito web aziendale Mestre
Italia;it;Siti web;commerciale;sito web aziendale Padova
Italia;it;Siti web;commerciale;sito web aziendale Vicenza
Italia;it;Siti web;commerciale;sito web aziendale Verona
Italia;it;Siti web;commerciale;sito web aziendale Udine
Italia;it;Siti web;commerciale;sito web aziendale Conegliano
Italia;it;Siti web;commerciale;sito web aziendale Oderzo
Italia;it;Siti web;commerciale;sito web aziendale Montebelluna
Italia;it;Siti web;commerciale;sito web aziendale Castelfranco Veneto
Italia;it;Siti web;commerciale;sito web aziendale Vittorio Veneto
Italia;it;Siti web;commerciale;sito web aziendale Bassano del Grappa
Italia;it;Siti web;commerciale;sito web aziendale Belluno
Italia;it;Siti web;commerciale;sito web aziendale Rovigo
Italia;it;Siti web;commerciale;sito web aziendale Veneto
Italia;it;Siti web;commerciale;sito web aziendale Friuli Venezia Giulia
Italia;it;Siti web;commerciale;sito web aziendale Nord Est
Italia;it;Siti web;commerciale;realizzazione siti internet Treviso
Italia;it;Siti web;commerciale;realizzazione siti internet Pordenone
Italia;it;Siti web;commerciale;realizzazione siti internet Venezia
Italia;it;Siti web;commerciale;realizzazione siti internet Mestre
Italia;it;Siti web;commerciale;realizzazione siti internet Padova
Italia;it;Siti web;commerciale;realizzazione siti internet Vicenza
Italia;it;Siti web;commerciale;realizzazione siti internet Verona
Italia;it;Siti web;commerciale;realizzazione siti internet Udine
Italia;it;Siti web;commerciale;realizzazione siti internet Conegliano
Italia;it;Siti web;commerciale;realizzazione siti internet Oderzo
Italia;it;Siti web;commerciale;realizzazione siti internet Montebelluna
Italia;it;Siti web;commerciale;realizzazione siti internet Castelfranco Veneto
Italia;it;Siti web;commerciale;realizzazione siti internet Vittorio Veneto
Italia;it;Siti web;commerciale;realizzazione siti internet Bassano del Grappa
Italia;it;Siti web;commerciale;realizzazione siti internet Belluno
Italia;it;Siti web;commerciale;realizzazione siti internet Rovigo
Italia;it;Siti web;commerciale;realizzazione siti internet Veneto
Italia;it;Siti web;commerciale;realizzazione siti internet Friuli Venezia Giulia
Italia;it;Siti web;commerciale;realizzazione siti internet Nord Est
Italia;it;Siti web;commerciale;preventivo sito web Treviso
Italia;it;Siti web;commerciale;preventivo sito web Pordenone
Italia;it;Siti web;commerciale;preventivo sito web Venezia
Italia;it;Siti web;commerciale;preventivo sito web Mestre
Italia;it;Siti web;commerciale;preventivo sito web Padova
Italia;it;Siti web;commerciale;preventivo sito web Vicenza
Italia;it;Siti web;commerciale;preventivo sito web Verona
Italia;it;Siti web;commerciale;preventivo sito web Udine
Italia;it;Siti web;commerciale;preventivo sito web Conegliano
Italia;it;Siti web;commerciale;preventivo sito web Oderzo
Italia;it;Siti web;commerciale;preventivo sito web Montebelluna
Italia;it;Siti web;commerciale;preventivo sito web Castelfranco Veneto
Italia;it;Siti web;commerciale;preventivo sito web Vittorio Veneto
Italia;it;Siti web;commerciale;preventivo sito web Bassano del Grappa
Italia;it;Siti web;commerciale;preventivo sito web Belluno
Italia;it;Siti web;commerciale;preventivo sito web Rovigo
Italia;it;Siti web;commerciale;preventivo sito web Veneto
Italia;it;Siti web;commerciale;preventivo sito web Friuli Venezia Giulia
Italia;it;Siti web;commerciale;preventivo sito web Nord Est
Italia;it;Siti web;commerciale;costo sito web Treviso
Italia;it;Siti web;commerciale;costo sito web Pordenone
Italia;it;Siti web;commerciale;costo sito web Venezia
Italia;it;Siti web;commerciale;costo sito web Mestre
Italia;it;Siti web;commerciale;costo sito web Padova
Italia;it;Siti web;commerciale;costo sito web Vicenza
Italia;it;Siti web;commerciale;costo sito web Verona
Italia;it;Siti web;commerciale;costo sito web Udine
Italia;it;Siti web;commerciale;costo sito web Conegliano
Italia;it;Siti web;commerciale;costo sito web Oderzo
Italia;it;Siti web;commerciale;costo sito web Montebelluna
Italia;it;Siti web;commerciale;costo sito web Castelfranco Veneto
Italia;it;Siti web;commerciale;costo sito web Vittorio Veneto
Italia;it;Siti web;commerciale;costo sito web Bassano del Grappa
Italia;it;Siti web;commerciale;costo sito web Belluno
Italia;it;Siti web;commerciale;costo sito web Rovigo
Italia;it;Siti web;commerciale;costo sito web Veneto
Italia;it;Siti web;commerciale;costo sito web Friuli Venezia Giulia
Italia;it;Siti web;commerciale;costo sito web Nord Est
Italia;it;Siti web;commerciale;siti web professionali Treviso
Italia;it;Siti web;commerciale;siti web professionali Pordenone
Italia;it;Siti web;commerciale;siti web professionali Venezia
Italia;it;Siti web;commerciale;siti web professionali Mestre
Italia;it;Siti web;commerciale;siti web professionali Padova
Italia;it;Siti web;commerciale;siti web professionali Vicenza
Italia;it;Siti web;commerciale;siti web professionali Verona
Italia;it;Siti web;commerciale;siti web professionali Udine
Italia;it;Siti web;commerciale;siti web professionali Conegliano
Italia;it;Siti web;commerciale;siti web professionali Oderzo
Italia;it;Siti web;commerciale;siti web professionali Montebelluna
Italia;it;Siti web;commerciale;siti web professionali Castelfranco Veneto
Italia;it;Siti web;commerciale;siti web professionali Vittorio Veneto
Italia;it;Siti web;commerciale;siti web professionali Bassano del Grappa
Italia;it;Siti web;commerciale;siti web professionali Belluno
Italia;it;Siti web;commerciale;siti web professionali Rovigo
Italia;it;Siti web;commerciale;siti web professionali Veneto
Italia;it;Siti web;commerciale;siti web professionali Friuli Venezia Giulia
Italia;it;Siti web;commerciale;siti web professionali Nord Est
Italia;it;Siti web;commerciale;realizzazione siti web su misura
Italia;it;Siti web;commerciale;creazione sito vetrina
Italia;it;Siti web;commerciale;sito web per aziende
Italia;it;Siti web;commerciale;sito internet aziendale professionale
Italia;it;Siti web;commerciale;rifacimento sito web
Italia;it;Siti web;commerciale;restyling sito web
Italia;it;Siti web;commerciale;sito web multilingua aziendale
Italia;it;Siti web;commerciale;sito web veloce ottimizzato
Italia;it;Siti web;commerciale;landing page per campagne
Italia;it;Siti web;commerciale;sito web per studio professionale
Italia;it;Siti web;commerciale;sito web per artigiani
Italia;it;Siti web;commerciale;sito web per PMI
Italia;it;Siti web;commerciale;sito web B2B catalogo prodotti
Italia;it;Siti web;commerciale;sito web con area riservata clienti
Italia;it;Siti web;commerciale;sviluppo sito web senza wordpress
Italia;it;Siti web;commerciale;sito web su misura non template
Italia;it;E-commerce;commerciale;realizzazione e-commerce Treviso
Italia;it;E-commerce;commerciale;realizzazione e-commerce Pordenone
Italia;it;E-commerce;commerciale;realizzazione e-commerce Venezia
Italia;it;E-commerce;commerciale;realizzazione e-commerce Mestre
Italia;it;E-commerce;commerciale;realizzazione e-commerce Padova
Italia;it;E-commerce;commerciale;realizzazione e-commerce Vicenza
Italia;it;E-commerce;commerciale;realizzazione e-commerce Verona
Italia;it;E-commerce;commerciale;realizzazione e-commerce Udine
Italia;it;E-commerce;commerciale;creazione negozio online Treviso
Italia;it;E-commerce;commerciale;creazione negozio online Pordenone
Italia;it;E-commerce;commerciale;creazione negozio online Venezia
Italia;it;E-commerce;commerciale;creazione negozio online Mestre
Italia;it;E-commerce;commerciale;creazione negozio online Padova
Italia;it;E-commerce;commerciale;creazione negozio online Vicenza
Italia;it;E-commerce;commerciale;creazione negozio online Verona
Italia;it;E-commerce;commerciale;creazione negozio online Udine
Italia;it;E-commerce;commerciale;agenzia e-commerce Treviso
Italia;it;E-commerce;commerciale;agenzia e-commerce Pordenone
Italia;it;E-commerce;commerciale;agenzia e-commerce Venezia
Italia;it;E-commerce;commerciale;agenzia e-commerce Mestre
Italia;it;E-commerce;commerciale;agenzia e-commerce Padova
Italia;it;E-commerce;commerciale;agenzia e-commerce Vicenza
Italia;it;E-commerce;commerciale;agenzia e-commerce Verona
Italia;it;E-commerce;commerciale;agenzia e-commerce Udine
Italia;it;E-commerce;commerciale;sviluppo e-commerce Treviso
Italia;it;E-commerce;commerciale;sviluppo e-commerce Pordenone
Italia;it;E-commerce;commerciale;sviluppo e-commerce Venezia
Italia;it;E-commerce;commerciale;sviluppo e-commerce Mestre
Italia;it;E-commerce;commerciale;sviluppo e-commerce Padova
Italia;it;E-commerce;commerciale;sviluppo e-commerce Vicenza
Italia;it;E-commerce;commerciale;sviluppo e-commerce Verona
Italia;it;E-commerce;commerciale;sviluppo e-commerce Udine
Italia;it;E-commerce;commerciale;realizzazione e-commerce su misura
Italia;it;E-commerce;commerciale;aprire un negozio online
Italia;it;E-commerce;commerciale;e-commerce b2b listini personalizzati
Italia;it;E-commerce;commerciale;e-commerce collegato al gestionale
Italia;it;E-commerce;commerciale;sincronizzazione giacenze e-commerce gestionale
Italia;it;E-commerce;commerciale;e-commerce per produttori
Italia;it;E-commerce;commerciale;migrazione e-commerce
Italia;it;E-commerce;commerciale;e-commerce multilingua
Italia;it;E-commerce;commerciale;e-commerce con spedizioni calcolate
Italia;it;E-commerce;commerciale;integrazione e-commerce fatturazione elettronica
Italia;it;Gestionali ERP CRM;commerciale;software gestionale su misura
Italia;it;Gestionali ERP CRM;commerciale;gestionale aziendale personalizzato
Italia;it;Gestionali ERP CRM;commerciale;ERP su misura
Italia;it;Gestionali ERP CRM;commerciale;CRM su misura
Italia;it;Gestionali ERP CRM;commerciale;software gestionale per PMI
Italia;it;Gestionali ERP CRM;commerciale;gestionale personalizzato per azienda
Italia;it;Gestionali ERP CRM;commerciale;software gestionale magazzino
Italia;it;Gestionali ERP CRM;commerciale;software gestionale produzione
Italia;it;Gestionali ERP CRM;commerciale;software gestionale commesse
Italia;it;Gestionali ERP CRM;commerciale;software gestionale trasporti
Italia;it;Gestionali ERP CRM;commerciale;software gestionale logistica
Italia;it;Gestionali ERP CRM;commerciale;gestionale per officina meccanica
Italia;it;Gestionali ERP CRM;commerciale;gestionale per aziende del mobile
Italia;it;Gestionali ERP CRM;commerciale;gestionale per agroalimentare
Italia;it;Gestionali ERP CRM;commerciale;gestionale per edilizia
Italia;it;Gestionali ERP CRM;commerciale;gestionale per studi professionali
Italia;it;Gestionali ERP CRM;commerciale;software distinta base
Italia;it;Gestionali ERP CRM;commerciale;software avanzamento produzione
Italia;it;Gestionali ERP CRM;commerciale;software controllo di gestione
Italia;it;Gestionali ERP CRM;commerciale;software gestione ordini e preventivi
Italia;it;Gestionali ERP CRM;commerciale;gestionale senza costi per utente
Italia;it;Gestionali ERP CRM;commerciale;alternativa a gestionale a licenza
Italia;it;Gestionali ERP CRM;commerciale;sostituire excel con gestionale
Italia;it;Gestionali ERP CRM;commerciale;software gestione lotti e scadenze
Italia;it;Gestionali ERP CRM;commerciale;software gestione matricole
Italia;it;Gestionali ERP CRM;commerciale;software gestione conto lavoro
Italia;it;Gestionali ERP CRM;commerciale;software scorte minime riordino
Italia;it;Gestionali ERP CRM;commerciale;software gestionale Treviso
Italia;it;Gestionali ERP CRM;commerciale;software gestionale Pordenone
Italia;it;Gestionali ERP CRM;commerciale;software gestionale Venezia
Italia;it;Gestionali ERP CRM;commerciale;software gestionale Mestre
Italia;it;Gestionali ERP CRM;commerciale;software gestionale Padova
Italia;it;Gestionali ERP CRM;commerciale;software gestionale Vicenza
Italia;it;Gestionali ERP CRM;commerciale;software gestionale Verona
Italia;it;Gestionali ERP CRM;commerciale;software gestionale Udine
Italia;it;Gestionali ERP CRM;commerciale;software gestionale Conegliano
Italia;it;Gestionali ERP CRM;commerciale;software gestionale Oderzo
Italia;it;Gestionali ERP CRM;commerciale;gestionale su misura Treviso
Italia;it;Gestionali ERP CRM;commerciale;gestionale su misura Pordenone
Italia;it;Gestionali ERP CRM;commerciale;gestionale su misura Venezia
Italia;it;Gestionali ERP CRM;commerciale;gestionale su misura Mestre
Italia;it;Gestionali ERP CRM;commerciale;gestionale su misura Padova
Italia;it;Gestionali ERP CRM;commerciale;gestionale su misura Vicenza
Italia;it;Gestionali ERP CRM;commerciale;gestionale su misura Verona
Italia;it;Gestionali ERP CRM;commerciale;gestionale su misura Udine
Italia;it;Gestionali ERP CRM;commerciale;gestionale su misura Conegliano
Italia;it;Gestionali ERP CRM;commerciale;gestionale su misura Oderzo
Italia;it;Gestionali ERP CRM;commerciale;ERP su misura Treviso
Italia;it;Gestionali ERP CRM;commerciale;ERP su misura Pordenone
Italia;it;Gestionali ERP CRM;commerciale;ERP su misura Venezia
Italia;it;Gestionali ERP CRM;commerciale;ERP su misura Mestre
Italia;it;Gestionali ERP CRM;commerciale;ERP su misura Padova
Italia;it;Gestionali ERP CRM;commerciale;ERP su misura Vicenza
Italia;it;Gestionali ERP CRM;commerciale;ERP su misura Verona
Italia;it;Gestionali ERP CRM;commerciale;ERP su misura Udine
Italia;it;Gestionali ERP CRM;commerciale;ERP su misura Conegliano
Italia;it;Gestionali ERP CRM;commerciale;ERP su misura Oderzo
Italia;it;Gestionali ERP CRM;commerciale;sviluppo software gestionale Treviso
Italia;it;Gestionali ERP CRM;commerciale;sviluppo software gestionale Pordenone
Italia;it;Gestionali ERP CRM;commerciale;sviluppo software gestionale Venezia
Italia;it;Gestionali ERP CRM;commerciale;sviluppo software gestionale Mestre
Italia;it;Gestionali ERP CRM;commerciale;sviluppo software gestionale Padova
Italia;it;Gestionali ERP CRM;commerciale;sviluppo software gestionale Vicenza
Italia;it;Gestionali ERP CRM;commerciale;sviluppo software gestionale Verona
Italia;it;Gestionali ERP CRM;commerciale;sviluppo software gestionale Udine
Italia;it;Gestionali ERP CRM;commerciale;sviluppo software gestionale Conegliano
Italia;it;Gestionali ERP CRM;commerciale;sviluppo software gestionale Oderzo
Italia;it;App;commerciale;sviluppo app aziendali
Italia;it;App;commerciale;sviluppo applicazioni su misura
Italia;it;App;commerciale;app aziendale su misura
Italia;it;App;commerciale;sviluppo web app
Italia;it;App;commerciale;sviluppo app iOS Android
Italia;it;App;commerciale;app per magazzino
Italia;it;App;commerciale;app per tecnici in trasferta
Italia;it;App;commerciale;app per agenti di commercio
Italia;it;App;commerciale;app rapportini di lavoro
Italia;it;App;commerciale;app per raccolta ordini
Italia;it;App;commerciale;app con lettore codici a barre
Italia;it;App;commerciale;app che funziona offline
Italia;it;App;commerciale;progressive web app aziendale
Italia;it;App;commerciale;app area riservata clienti
Italia;it;App;commerciale;app fidelizzazione clienti
Italia;it;App;commerciale;sviluppo app su misura prezzo
Italia;it;App;commerciale;sviluppo app Treviso
Italia;it;App;commerciale;sviluppo app Pordenone
Italia;it;App;commerciale;sviluppo app Venezia
Italia;it;App;commerciale;sviluppo app Mestre
Italia;it;App;commerciale;sviluppo app Padova
Italia;it;App;commerciale;sviluppo app Vicenza
Italia;it;App;commerciale;sviluppo app Verona
Italia;it;App;commerciale;sviluppo app Udine
Italia;it;App;commerciale;sviluppo applicazioni Treviso
Italia;it;App;commerciale;sviluppo applicazioni Pordenone
Italia;it;App;commerciale;sviluppo applicazioni Venezia
Italia;it;App;commerciale;sviluppo applicazioni Mestre
Italia;it;App;commerciale;sviluppo applicazioni Padova
Italia;it;App;commerciale;sviluppo applicazioni Vicenza
Italia;it;App;commerciale;sviluppo applicazioni Verona
Italia;it;App;commerciale;sviluppo applicazioni Udine
Italia;it;SEO e Ads;commerciale;consulenza SEO
Italia;it;SEO e Ads;commerciale;agenzia SEO
Italia;it;SEO e Ads;commerciale;posizionamento su Google
Italia;it;SEO e Ads;commerciale;ottimizzazione SEO sito web
Italia;it;SEO e Ads;commerciale;audit SEO tecnico
Italia;it;SEO e Ads;commerciale;SEO locale
Italia;it;SEO e Ads;commerciale;migliorare posizionamento Google
Italia;it;SEO e Ads;commerciale;agenzia Meta Ads
Italia;it;SEO e Ads;commerciale;gestione campagne Facebook e Instagram
Italia;it;SEO e Ads;commerciale;agenzia Facebook Ads
Italia;it;SEO e Ads;commerciale;campagne lead generation
Italia;it;SEO e Ads;commerciale;consulente Google Ads
Italia;it;SEO e Ads;commerciale;ridurre costo per contatto campagne
Italia;it;SEO e Ads;commerciale;agenzia SEO Treviso
Italia;it;SEO e Ads;commerciale;agenzia SEO Pordenone
Italia;it;SEO e Ads;commerciale;agenzia SEO Venezia
Italia;it;SEO e Ads;commerciale;agenzia SEO Mestre
Italia;it;SEO e Ads;commerciale;agenzia SEO Padova
Italia;it;SEO e Ads;commerciale;agenzia SEO Vicenza
Italia;it;SEO e Ads;commerciale;agenzia SEO Verona
Italia;it;SEO e Ads;commerciale;agenzia SEO Udine
Italia;it;SEO e Ads;commerciale;consulenza SEO Treviso
Italia;it;SEO e Ads;commerciale;consulenza SEO Pordenone
Italia;it;SEO e Ads;commerciale;consulenza SEO Venezia
Italia;it;SEO e Ads;commerciale;consulenza SEO Mestre
Italia;it;SEO e Ads;commerciale;consulenza SEO Padova
Italia;it;SEO e Ads;commerciale;consulenza SEO Vicenza
Italia;it;SEO e Ads;commerciale;consulenza SEO Verona
Italia;it;SEO e Ads;commerciale;consulenza SEO Udine
Italia;it;SEO e Ads;commerciale;agenzia Meta Ads Treviso
Italia;it;SEO e Ads;commerciale;agenzia Meta Ads Pordenone
Italia;it;SEO e Ads;commerciale;agenzia Meta Ads Venezia
Italia;it;SEO e Ads;commerciale;agenzia Meta Ads Mestre
Italia;it;SEO e Ads;commerciale;agenzia Meta Ads Padova
Italia;it;SEO e Ads;commerciale;agenzia Meta Ads Vicenza
Italia;it;SEO e Ads;commerciale;agenzia Meta Ads Verona
Italia;it;SEO e Ads;commerciale;agenzia Meta Ads Udine
Italia;it;Automazioni e AI;commerciale;automazione processi aziendali
Italia;it;Automazioni e AI;commerciale;automatizzare lavoro ripetitivo azienda
Italia;it;Automazioni e AI;commerciale;integrazione intelligenza artificiale in azienda
Italia;it;Automazioni e AI;commerciale;integrazione AI gestionale
Italia;it;Automazioni e AI;commerciale;sviluppo API personalizzate
Italia;it;Automazioni e AI;commerciale;integrazione software aziendali
Italia;it;Automazioni e AI;commerciale;sincronizzazione dati fra sistemi
Italia;it;Automazioni e AI;commerciale;collegare gestionale e sito web
Italia;it;Automazioni e AI;commerciale;automazione fatturazione elettronica
Italia;it;Automazioni e AI;commerciale;chatbot aziendale su misura
Italia;it;Automazioni e AI;commerciale;agente AI per azienda
Italia;it;Informazionali;informativa;quanto costa un sito web
Italia;it;Informazionali;informativa;quanto costa un e-commerce
Italia;it;Informazionali;informativa;quanto costa un gestionale
Italia;it;Informazionali;informativa;quanto costa un'app
Italia;it;Informazionali;informativa;prezzo sito web aziendale
Italia;it;Informazionali;informativa;differenza tra ERP e CRM
Italia;it;Informazionali;informativa;meglio gestionale su misura o a pacchetto
Italia;it;Informazionali;informativa;conviene un sito su misura o wordpress
Italia;it;Informazionali;informativa;come scegliere un gestionale
Italia;it;Informazionali;informativa;come scegliere una web agency
Italia;it;Informazionali;informativa;cosa serve per aprire un e-commerce
Italia;it;Informazionali;informativa;quanto tempo serve per fare un sito web
Italia;it;Informazionali;informativa;cosa deve avere un sito aziendale
Italia;it;Informazionali;informativa;come calcolare il ritorno di un gestionale
Italia;it;Informazionali;informativa;gestionale in cloud o su server
Austria;de;Siti web;commerciale;Webagentur Österreich
Austria;de;Siti web;commerciale;Webagentur Wien
Austria;de;Siti web;commerciale;Webagentur Graz
Austria;de;Siti web;commerciale;Webagentur Linz
Austria;de;Siti web;commerciale;Webagentur Salzburg
Austria;de;Siti web;commerciale;Webagentur Innsbruck
Austria;de;Siti web;commerciale;Webagentur Klagenfurt
Austria;de;Siti web;commerciale;Webagentur Villach
Austria;de;Siti web;commerciale;Webagentur Bregenz
Austria;de;Siti web;commerciale;Webagentur Tirol
Austria;de;Siti web;commerciale;Webagentur Kärnten
Austria;de;Siti web;commerciale;Webagentur Steiermark
Austria;de;Siti web;commerciale;Webdesign Agentur Österreich
Austria;de;Siti web;commerciale;Webdesign Agentur Wien
Austria;de;Siti web;commerciale;Webdesign Agentur Graz
Austria;de;Siti web;commerciale;Webdesign Agentur Linz
Austria;de;Siti web;commerciale;Webdesign Agentur Salzburg
Austria;de;Siti web;commerciale;Webdesign Agentur Innsbruck
Austria;de;Siti web;commerciale;Webdesign Agentur Klagenfurt
Austria;de;Siti web;commerciale;Webdesign Agentur Villach
Austria;de;Siti web;commerciale;Webdesign Agentur Bregenz
Austria;de;Siti web;commerciale;Webdesign Agentur Tirol
Austria;de;Siti web;commerciale;Webdesign Agentur Kärnten
Austria;de;Siti web;commerciale;Webdesign Agentur Steiermark
Austria;de;Siti web;commerciale;Website erstellen lassen Österreich
Austria;de;Siti web;commerciale;Website erstellen lassen Wien
Austria;de;Siti web;commerciale;Website erstellen lassen Graz
Austria;de;Siti web;commerciale;Website erstellen lassen Linz
Austria;de;Siti web;commerciale;Website erstellen lassen Salzburg
Austria;de;Siti web;commerciale;Website erstellen lassen Innsbruck
Austria;de;Siti web;commerciale;Website erstellen lassen Klagenfurt
Austria;de;Siti web;commerciale;Website erstellen lassen Villach
Austria;de;Siti web;commerciale;Website erstellen lassen Bregenz
Austria;de;Siti web;commerciale;Website erstellen lassen Tirol
Austria;de;Siti web;commerciale;Website erstellen lassen Kärnten
Austria;de;Siti web;commerciale;Website erstellen lassen Steiermark
Austria;de;Siti web;commerciale;Homepage erstellen lassen Österreich
Austria;de;Siti web;commerciale;Homepage erstellen lassen Wien
Austria;de;Siti web;commerciale;Homepage erstellen lassen Graz
Austria;de;Siti web;commerciale;Homepage erstellen lassen Linz
Austria;de;Siti web;commerciale;Homepage erstellen lassen Salzburg
Austria;de;Siti web;commerciale;Homepage erstellen lassen Innsbruck
Austria;de;Siti web;commerciale;Homepage erstellen lassen Klagenfurt
Austria;de;Siti web;commerciale;Homepage erstellen lassen Villach
Austria;de;Siti web;commerciale;Homepage erstellen lassen Bregenz
Austria;de;Siti web;commerciale;Homepage erstellen lassen Tirol
Austria;de;Siti web;commerciale;Homepage erstellen lassen Kärnten
Austria;de;Siti web;commerciale;Homepage erstellen lassen Steiermark
Austria;de;Siti web;commerciale;Firmenwebsite erstellen Österreich
Austria;de;Siti web;commerciale;Firmenwebsite erstellen Wien
Austria;de;Siti web;commerciale;Firmenwebsite erstellen Graz
Austria;de;Siti web;commerciale;Firmenwebsite erstellen Linz
Austria;de;Siti web;commerciale;Firmenwebsite erstellen Salzburg
Austria;de;Siti web;commerciale;Firmenwebsite erstellen Innsbruck
Austria;de;Siti web;commerciale;Firmenwebsite erstellen Klagenfurt
Austria;de;Siti web;commerciale;Firmenwebsite erstellen Villach
Austria;de;Siti web;commerciale;Firmenwebsite erstellen Bregenz
Austria;de;Siti web;commerciale;Firmenwebsite erstellen Tirol
Austria;de;Siti web;commerciale;Firmenwebsite erstellen Kärnten
Austria;de;Siti web;commerciale;Firmenwebsite erstellen Steiermark
Austria;de;Siti web;commerciale;Internetagentur Österreich
Austria;de;Siti web;commerciale;Internetagentur Wien
Austria;de;Siti web;commerciale;Internetagentur Graz
Austria;de;Siti web;commerciale;Internetagentur Linz
Austria;de;Siti web;commerciale;Internetagentur Salzburg
Austria;de;Siti web;commerciale;Internetagentur Innsbruck
Austria;de;Siti web;commerciale;Internetagentur Klagenfurt
Austria;de;Siti web;commerciale;Internetagentur Villach
Austria;de;Siti web;commerciale;Internetagentur Bregenz
Austria;de;Siti web;commerciale;Internetagentur Tirol
Austria;de;Siti web;commerciale;Internetagentur Kärnten
Austria;de;Siti web;commerciale;Internetagentur Steiermark
Austria;de;Siti web;commerciale;Onlineshop erstellen lassen Österreich
Austria;de;Siti web;commerciale;Onlineshop erstellen lassen Wien
Austria;de;Siti web;commerciale;Onlineshop erstellen lassen Graz
Austria;de;Siti web;commerciale;Onlineshop erstellen lassen Linz
Austria;de;Siti web;commerciale;Onlineshop erstellen lassen Salzburg
Austria;de;Siti web;commerciale;Onlineshop erstellen lassen Innsbruck
Austria;de;Siti web;commerciale;Onlineshop erstellen lassen Klagenfurt
Austria;de;Siti web;commerciale;Onlineshop erstellen lassen Villach
Austria;de;Siti web;commerciale;Onlineshop erstellen lassen Bregenz
Austria;de;Siti web;commerciale;Onlineshop erstellen lassen Tirol
Austria;de;Siti web;commerciale;Onlineshop erstellen lassen Kärnten
Austria;de;Siti web;commerciale;Onlineshop erstellen lassen Steiermark
Austria;de;Siti web;commerciale;E-Commerce Agentur Österreich
Austria;de;Siti web;commerciale;E-Commerce Agentur Wien
Austria;de;Siti web;commerciale;E-Commerce Agentur Graz
Austria;de;Siti web;commerciale;E-Commerce Agentur Linz
Austria;de;Siti web;commerciale;E-Commerce Agentur Salzburg
Austria;de;Siti web;commerciale;E-Commerce Agentur Innsbruck
Austria;de;Siti web;commerciale;E-Commerce Agentur Klagenfurt
Austria;de;Siti web;commerciale;E-Commerce Agentur Villach
Austria;de;Siti web;commerciale;E-Commerce Agentur Bregenz
Austria;de;Siti web;commerciale;E-Commerce Agentur Tirol
Austria;de;Siti web;commerciale;E-Commerce Agentur Kärnten
Austria;de;Siti web;commerciale;E-Commerce Agentur Steiermark
Austria;de;Software;commerciale;Softwareentwicklung Österreich
Austria;de;Software;commerciale;Softwareentwicklung Wien
Austria;de;Software;commerciale;Softwareentwicklung Graz
Austria;de;Software;commerciale;Softwareentwicklung Linz
Austria;de;Software;commerciale;Softwareentwicklung Salzburg
Austria;de;Software;commerciale;Softwareentwicklung Innsbruck
Austria;de;Software;commerciale;Softwareentwicklung Klagenfurt
Austria;de;Software;commerciale;Softwareentwicklung Villach
Austria;de;Software;commerciale;Softwareentwicklung Bregenz
Austria;de;Software;commerciale;Softwareentwicklung Tirol
Austria;de;Software;commerciale;Softwareentwicklung Kärnten
Austria;de;Software;commerciale;Softwareentwicklung Steiermark
Austria;de;Software;commerciale;Individualsoftware Österreich
Austria;de;Software;commerciale;Individualsoftware Wien
Austria;de;Software;commerciale;Individualsoftware Graz
Austria;de;Software;commerciale;Individualsoftware Linz
Austria;de;Software;commerciale;Individualsoftware Salzburg
Austria;de;Software;commerciale;Individualsoftware Innsbruck
Austria;de;Software;commerciale;Individualsoftware Klagenfurt
Austria;de;Software;commerciale;Individualsoftware Villach
Austria;de;Software;commerciale;Individualsoftware Bregenz
Austria;de;Software;commerciale;Individualsoftware Tirol
Austria;de;Software;commerciale;Individualsoftware Kärnten
Austria;de;Software;commerciale;Individualsoftware Steiermark
Austria;de;Software;commerciale;Warenwirtschaftssystem Österreich
Austria;de;Software;commerciale;Warenwirtschaftssystem Wien
Austria;de;Software;commerciale;Warenwirtschaftssystem Graz
Austria;de;Software;commerciale;Warenwirtschaftssystem Linz
Austria;de;Software;commerciale;Warenwirtschaftssystem Salzburg
Austria;de;Software;commerciale;Warenwirtschaftssystem Innsbruck
Austria;de;Software;commerciale;Warenwirtschaftssystem Klagenfurt
Austria;de;Software;commerciale;Warenwirtschaftssystem Villach
Austria;de;Software;commerciale;Warenwirtschaftssystem Bregenz
Austria;de;Software;commerciale;Warenwirtschaftssystem Tirol
Austria;de;Software;commerciale;Warenwirtschaftssystem Kärnten
Austria;de;Software;commerciale;Warenwirtschaftssystem Steiermark
Austria;de;Software;commerciale;ERP System Österreich
Austria;de;Software;commerciale;ERP System Wien
Austria;de;Software;commerciale;ERP System Graz
Austria;de;Software;commerciale;ERP System Linz
Austria;de;Software;commerciale;ERP System Salzburg
Austria;de;Software;commerciale;ERP System Innsbruck
Austria;de;Software;commerciale;ERP System Klagenfurt
Austria;de;Software;commerciale;ERP System Villach
Austria;de;Software;commerciale;ERP System Bregenz
Austria;de;Software;commerciale;ERP System Tirol
Austria;de;Software;commerciale;ERP System Kärnten
Austria;de;Software;commerciale;ERP System Steiermark
Austria;de;Software;commerciale;CRM System Österreich
Austria;de;Software;commerciale;CRM System Wien
Austria;de;Software;commerciale;CRM System Graz
Austria;de;Software;commerciale;CRM System Linz
Austria;de;Software;commerciale;CRM System Salzburg
Austria;de;Software;commerciale;CRM System Innsbruck
Austria;de;Software;commerciale;CRM System Klagenfurt
Austria;de;Software;commerciale;CRM System Villach
Austria;de;Software;commerciale;CRM System Bregenz
Austria;de;Software;commerciale;CRM System Tirol
Austria;de;Software;commerciale;CRM System Kärnten
Austria;de;Software;commerciale;CRM System Steiermark
Austria;de;Software;commerciale;App Entwicklung Österreich
Austria;de;Software;commerciale;App Entwicklung Wien
Austria;de;Software;commerciale;App Entwicklung Graz
Austria;de;Software;commerciale;App Entwicklung Linz
Austria;de;Software;commerciale;App Entwicklung Salzburg
Austria;de;Software;commerciale;App Entwicklung Innsbruck
Austria;de;Software;commerciale;App Entwicklung Klagenfurt
Austria;de;Software;commerciale;App Entwicklung Villach
Austria;de;Software;commerciale;App Entwicklung Bregenz
Austria;de;Software;commerciale;App Entwicklung Tirol
Austria;de;Software;commerciale;App Entwicklung Kärnten
Austria;de;Software;commerciale;App Entwicklung Steiermark
Austria;de;Software;commerciale;Softwareagentur Österreich
Austria;de;Software;commerciale;Softwareagentur Wien
Austria;de;Software;commerciale;Softwareagentur Graz
Austria;de;Software;commerciale;Softwareagentur Linz
Austria;de;Software;commerciale;Softwareagentur Salzburg
Austria;de;Software;commerciale;Softwareagentur Innsbruck
Austria;de;Software;commerciale;Softwareagentur Klagenfurt
Austria;de;Software;commerciale;Softwareagentur Villach
Austria;de;Software;commerciale;Softwareagentur Bregenz
Austria;de;Software;commerciale;Softwareagentur Tirol
Austria;de;Software;commerciale;Softwareagentur Kärnten
Austria;de;Software;commerciale;Softwareagentur Steiermark
Austria;de;SEO e Ads;commerciale;SEO Agentur Österreich
Austria;de;SEO e Ads;commerciale;SEO Agentur Wien
Austria;de;SEO e Ads;commerciale;SEO Agentur Graz
Austria;de;SEO e Ads;commerciale;SEO Agentur Linz
Austria;de;SEO e Ads;commerciale;SEO Agentur Salzburg
Austria;de;SEO e Ads;commerciale;SEO Agentur Innsbruck
Austria;de;SEO e Ads;commerciale;SEO Agentur Klagenfurt
Austria;de;SEO e Ads;commerciale;SEO Agentur Villach
Austria;de;SEO e Ads;commerciale;SEO Agentur Bregenz
Austria;de;SEO e Ads;commerciale;SEO Agentur Tirol
Austria;de;SEO e Ads;commerciale;SEO Agentur Kärnten
Austria;de;SEO e Ads;commerciale;SEO Agentur Steiermark
Austria;de;SEO e Ads;commerciale;SEO Beratung Österreich
Austria;de;SEO e Ads;commerciale;SEO Beratung Wien
Austria;de;SEO e Ads;commerciale;SEO Beratung Graz
Austria;de;SEO e Ads;commerciale;SEO Beratung Linz
Austria;de;SEO e Ads;commerciale;SEO Beratung Salzburg
Austria;de;SEO e Ads;commerciale;SEO Beratung Innsbruck
Austria;de;SEO e Ads;commerciale;SEO Beratung Klagenfurt
Austria;de;SEO e Ads;commerciale;SEO Beratung Villach
Austria;de;SEO e Ads;commerciale;SEO Beratung Bregenz
Austria;de;SEO e Ads;commerciale;SEO Beratung Tirol
Austria;de;SEO e Ads;commerciale;SEO Beratung Kärnten
Austria;de;SEO e Ads;commerciale;SEO Beratung Steiermark
Austria;de;SEO e Ads;commerciale;Meta Ads Agentur Österreich
Austria;de;SEO e Ads;commerciale;Meta Ads Agentur Wien
Austria;de;SEO e Ads;commerciale;Meta Ads Agentur Graz
Austria;de;SEO e Ads;commerciale;Meta Ads Agentur Linz
Austria;de;SEO e Ads;commerciale;Meta Ads Agentur Salzburg
Austria;de;SEO e Ads;commerciale;Meta Ads Agentur Innsbruck
Austria;de;SEO e Ads;commerciale;Meta Ads Agentur Klagenfurt
Austria;de;SEO e Ads;commerciale;Meta Ads Agentur Villach
Austria;de;SEO e Ads;commerciale;Meta Ads Agentur Bregenz
Austria;de;SEO e Ads;commerciale;Meta Ads Agentur Tirol
Austria;de;SEO e Ads;commerciale;Meta Ads Agentur Kärnten
Austria;de;SEO e Ads;commerciale;Meta Ads Agentur Steiermark
Austria;de;SEO e Ads;commerciale;Google Ads Agentur Österreich
Austria;de;SEO e Ads;commerciale;Google Ads Agentur Wien
Austria;de;SEO e Ads;commerciale;Google Ads Agentur Graz
Austria;de;SEO e Ads;commerciale;Google Ads Agentur Linz
Austria;de;SEO e Ads;commerciale;Google Ads Agentur Salzburg
Austria;de;SEO e Ads;commerciale;Google Ads Agentur Innsbruck
Austria;de;SEO e Ads;commerciale;Google Ads Agentur Klagenfurt
Austria;de;SEO e Ads;commerciale;Google Ads Agentur Villach
Austria;de;SEO e Ads;commerciale;Google Ads Agentur Bregenz
Austria;de;SEO e Ads;commerciale;Google Ads Agentur Tirol
Austria;de;SEO e Ads;commerciale;Google Ads Agentur Kärnten
Austria;de;SEO e Ads;commerciale;Google Ads Agentur Steiermark
Germania;de;Siti web;commerciale;Webagentur Deutschland
Germania;de;Siti web;commerciale;Webagentur München
Germania;de;Siti web;commerciale;Webagentur Berlin
Germania;de;Siti web;commerciale;Webagentur Hamburg
Germania;de;Siti web;commerciale;Webagentur Köln
Germania;de;Siti web;commerciale;Webagentur Stuttgart
Germania;de;Siti web;commerciale;Webagentur Frankfurt
Germania;de;Siti web;commerciale;Webagentur Düsseldorf
Germania;de;Siti web;commerciale;Webagentur Nürnberg
Germania;de;Siti web;commerciale;Webagentur Leipzig
Germania;de;Siti web;commerciale;Webagentur Bayern
Germania;de;Siti web;commerciale;Webagentur Baden-Württemberg
Germania;de;Siti web;commerciale;Webagentur NRW
Germania;de;Siti web;commerciale;Webdesign Agentur Deutschland
Germania;de;Siti web;commerciale;Webdesign Agentur München
Germania;de;Siti web;commerciale;Webdesign Agentur Berlin
Germania;de;Siti web;commerciale;Webdesign Agentur Hamburg
Germania;de;Siti web;commerciale;Webdesign Agentur Köln
Germania;de;Siti web;commerciale;Webdesign Agentur Stuttgart
Germania;de;Siti web;commerciale;Webdesign Agentur Frankfurt
Germania;de;Siti web;commerciale;Webdesign Agentur Düsseldorf
Germania;de;Siti web;commerciale;Webdesign Agentur Nürnberg
Germania;de;Siti web;commerciale;Webdesign Agentur Leipzig
Germania;de;Siti web;commerciale;Webdesign Agentur Bayern
Germania;de;Siti web;commerciale;Webdesign Agentur Baden-Württemberg
Germania;de;Siti web;commerciale;Webdesign Agentur NRW
Germania;de;Siti web;commerciale;Website erstellen lassen Deutschland
Germania;de;Siti web;commerciale;Website erstellen lassen München
Germania;de;Siti web;commerciale;Website erstellen lassen Berlin
Germania;de;Siti web;commerciale;Website erstellen lassen Hamburg
Germania;de;Siti web;commerciale;Website erstellen lassen Köln
Germania;de;Siti web;commerciale;Website erstellen lassen Stuttgart
Germania;de;Siti web;commerciale;Website erstellen lassen Frankfurt
Germania;de;Siti web;commerciale;Website erstellen lassen Düsseldorf
Germania;de;Siti web;commerciale;Website erstellen lassen Nürnberg
Germania;de;Siti web;commerciale;Website erstellen lassen Leipzig
Germania;de;Siti web;commerciale;Website erstellen lassen Bayern
Germania;de;Siti web;commerciale;Website erstellen lassen Baden-Württemberg
Germania;de;Siti web;commerciale;Website erstellen lassen NRW
Germania;de;Siti web;commerciale;Homepage erstellen lassen Deutschland
Germania;de;Siti web;commerciale;Homepage erstellen lassen München
Germania;de;Siti web;commerciale;Homepage erstellen lassen Berlin
Germania;de;Siti web;commerciale;Homepage erstellen lassen Hamburg
Germania;de;Siti web;commerciale;Homepage erstellen lassen Köln
Germania;de;Siti web;commerciale;Homepage erstellen lassen Stuttgart
Germania;de;Siti web;commerciale;Homepage erstellen lassen Frankfurt
Germania;de;Siti web;commerciale;Homepage erstellen lassen Düsseldorf
Germania;de;Siti web;commerciale;Homepage erstellen lassen Nürnberg
Germania;de;Siti web;commerciale;Homepage erstellen lassen Leipzig
Germania;de;Siti web;commerciale;Homepage erstellen lassen Bayern
Germania;de;Siti web;commerciale;Homepage erstellen lassen Baden-Württemberg
Germania;de;Siti web;commerciale;Homepage erstellen lassen NRW
Germania;de;Siti web;commerciale;Firmenwebsite erstellen Deutschland
Germania;de;Siti web;commerciale;Firmenwebsite erstellen München
Germania;de;Siti web;commerciale;Firmenwebsite erstellen Berlin
Germania;de;Siti web;commerciale;Firmenwebsite erstellen Hamburg
Germania;de;Siti web;commerciale;Firmenwebsite erstellen Köln
Germania;de;Siti web;commerciale;Firmenwebsite erstellen Stuttgart
Germania;de;Siti web;commerciale;Firmenwebsite erstellen Frankfurt
Germania;de;Siti web;commerciale;Firmenwebsite erstellen Düsseldorf
Germania;de;Siti web;commerciale;Firmenwebsite erstellen Nürnberg
Germania;de;Siti web;commerciale;Firmenwebsite erstellen Leipzig
Germania;de;Siti web;commerciale;Firmenwebsite erstellen Bayern
Germania;de;Siti web;commerciale;Firmenwebsite erstellen Baden-Württemberg
Germania;de;Siti web;commerciale;Firmenwebsite erstellen NRW
Germania;de;Siti web;commerciale;Internetagentur Deutschland
Germania;de;Siti web;commerciale;Internetagentur München
Germania;de;Siti web;commerciale;Internetagentur Berlin
Germania;de;Siti web;commerciale;Internetagentur Hamburg
Germania;de;Siti web;commerciale;Internetagentur Köln
Germania;de;Siti web;commerciale;Internetagentur Stuttgart
Germania;de;Siti web;commerciale;Internetagentur Frankfurt
Germania;de;Siti web;commerciale;Internetagentur Düsseldorf
Germania;de;Siti web;commerciale;Internetagentur Nürnberg
Germania;de;Siti web;commerciale;Internetagentur Leipzig
Germania;de;Siti web;commerciale;Internetagentur Bayern
Germania;de;Siti web;commerciale;Internetagentur Baden-Württemberg
Germania;de;Siti web;commerciale;Internetagentur NRW
Germania;de;Siti web;commerciale;Onlineshop erstellen lassen Deutschland
Germania;de;Siti web;commerciale;Onlineshop erstellen lassen München
Germania;de;Siti web;commerciale;Onlineshop erstellen lassen Berlin
Germania;de;Siti web;commerciale;Onlineshop erstellen lassen Hamburg
Germania;de;Siti web;commerciale;Onlineshop erstellen lassen Köln
Germania;de;Siti web;commerciale;Onlineshop erstellen lassen Stuttgart
Germania;de;Siti web;commerciale;Onlineshop erstellen lassen Frankfurt
Germania;de;Siti web;commerciale;Onlineshop erstellen lassen Düsseldorf
Germania;de;Siti web;commerciale;Onlineshop erstellen lassen Nürnberg
Germania;de;Siti web;commerciale;Onlineshop erstellen lassen Leipzig
Germania;de;Siti web;commerciale;Onlineshop erstellen lassen Bayern
Germania;de;Siti web;commerciale;Onlineshop erstellen lassen Baden-Württemberg
Germania;de;Siti web;commerciale;Onlineshop erstellen lassen NRW
Germania;de;Siti web;commerciale;E-Commerce Agentur Deutschland
Germania;de;Siti web;commerciale;E-Commerce Agentur München
Germania;de;Siti web;commerciale;E-Commerce Agentur Berlin
Germania;de;Siti web;commerciale;E-Commerce Agentur Hamburg
Germania;de;Siti web;commerciale;E-Commerce Agentur Köln
Germania;de;Siti web;commerciale;E-Commerce Agentur Stuttgart
Germania;de;Siti web;commerciale;E-Commerce Agentur Frankfurt
Germania;de;Siti web;commerciale;E-Commerce Agentur Düsseldorf
Germania;de;Siti web;commerciale;E-Commerce Agentur Nürnberg
Germania;de;Siti web;commerciale;E-Commerce Agentur Leipzig
Germania;de;Siti web;commerciale;E-Commerce Agentur Bayern
Germania;de;Siti web;commerciale;E-Commerce Agentur Baden-Württemberg
Germania;de;Siti web;commerciale;E-Commerce Agentur NRW
Germania;de;Software;commerciale;Softwareentwicklung Deutschland
Germania;de;Software;commerciale;Softwareentwicklung München
Germania;de;Software;commerciale;Softwareentwicklung Berlin
Germania;de;Software;commerciale;Softwareentwicklung Hamburg
Germania;de;Software;commerciale;Softwareentwicklung Köln
Germania;de;Software;commerciale;Softwareentwicklung Stuttgart
Germania;de;Software;commerciale;Softwareentwicklung Frankfurt
Germania;de;Software;commerciale;Softwareentwicklung Düsseldorf
Germania;de;Software;commerciale;Softwareentwicklung Nürnberg
Germania;de;Software;commerciale;Softwareentwicklung Leipzig
Germania;de;Software;commerciale;Softwareentwicklung Bayern
Germania;de;Software;commerciale;Softwareentwicklung Baden-Württemberg
Germania;de;Software;commerciale;Softwareentwicklung NRW
Germania;de;Software;commerciale;Individualsoftware Deutschland
Germania;de;Software;commerciale;Individualsoftware München
Germania;de;Software;commerciale;Individualsoftware Berlin
Germania;de;Software;commerciale;Individualsoftware Hamburg
Germania;de;Software;commerciale;Individualsoftware Köln
Germania;de;Software;commerciale;Individualsoftware Stuttgart
Germania;de;Software;commerciale;Individualsoftware Frankfurt
Germania;de;Software;commerciale;Individualsoftware Düsseldorf
Germania;de;Software;commerciale;Individualsoftware Nürnberg
Germania;de;Software;commerciale;Individualsoftware Leipzig
Germania;de;Software;commerciale;Individualsoftware Bayern
Germania;de;Software;commerciale;Individualsoftware Baden-Württemberg
Germania;de;Software;commerciale;Individualsoftware NRW
Germania;de;Software;commerciale;Warenwirtschaftssystem Deutschland
Germania;de;Software;commerciale;Warenwirtschaftssystem München
Germania;de;Software;commerciale;Warenwirtschaftssystem Berlin
Germania;de;Software;commerciale;Warenwirtschaftssystem Hamburg
Germania;de;Software;commerciale;Warenwirtschaftssystem Köln
Germania;de;Software;commerciale;Warenwirtschaftssystem Stuttgart
Germania;de;Software;commerciale;Warenwirtschaftssystem Frankfurt
Germania;de;Software;commerciale;Warenwirtschaftssystem Düsseldorf
Germania;de;Software;commerciale;Warenwirtschaftssystem Nürnberg
Germania;de;Software;commerciale;Warenwirtschaftssystem Leipzig
Germania;de;Software;commerciale;Warenwirtschaftssystem Bayern
Germania;de;Software;commerciale;Warenwirtschaftssystem Baden-Württemberg
Germania;de;Software;commerciale;Warenwirtschaftssystem NRW
Germania;de;Software;commerciale;ERP System Deutschland
Germania;de;Software;commerciale;ERP System München
Germania;de;Software;commerciale;ERP System Berlin
Germania;de;Software;commerciale;ERP System Hamburg
Germania;de;Software;commerciale;ERP System Köln
Germania;de;Software;commerciale;ERP System Stuttgart
Germania;de;Software;commerciale;ERP System Frankfurt
Germania;de;Software;commerciale;ERP System Düsseldorf
Germania;de;Software;commerciale;ERP System Nürnberg
Germania;de;Software;commerciale;ERP System Leipzig
Germania;de;Software;commerciale;ERP System Bayern
Germania;de;Software;commerciale;ERP System Baden-Württemberg
Germania;de;Software;commerciale;ERP System NRW
Germania;de;Software;commerciale;CRM System Deutschland
Germania;de;Software;commerciale;CRM System München
Germania;de;Software;commerciale;CRM System Berlin
Germania;de;Software;commerciale;CRM System Hamburg
Germania;de;Software;commerciale;CRM System Köln
Germania;de;Software;commerciale;CRM System Stuttgart
Germania;de;Software;commerciale;CRM System Frankfurt
Germania;de;Software;commerciale;CRM System Düsseldorf
Germania;de;Software;commerciale;CRM System Nürnberg
Germania;de;Software;commerciale;CRM System Leipzig
Germania;de;Software;commerciale;CRM System Bayern
Germania;de;Software;commerciale;CRM System Baden-Württemberg
Germania;de;Software;commerciale;CRM System NRW
Germania;de;Software;commerciale;App Entwicklung Deutschland
Germania;de;Software;commerciale;App Entwicklung München
Germania;de;Software;commerciale;App Entwicklung Berlin
Germania;de;Software;commerciale;App Entwicklung Hamburg
Germania;de;Software;commerciale;App Entwicklung Köln
Germania;de;Software;commerciale;App Entwicklung Stuttgart
Germania;de;Software;commerciale;App Entwicklung Frankfurt
Germania;de;Software;commerciale;App Entwicklung Düsseldorf
Germania;de;Software;commerciale;App Entwicklung Nürnberg
Germania;de;Software;commerciale;App Entwicklung Leipzig
Germania;de;Software;commerciale;App Entwicklung Bayern
Germania;de;Software;commerciale;App Entwicklung Baden-Württemberg
Germania;de;Software;commerciale;App Entwicklung NRW
Germania;de;Software;commerciale;Softwareagentur Deutschland
Germania;de;Software;commerciale;Softwareagentur München
Germania;de;Software;commerciale;Softwareagentur Berlin
Germania;de;Software;commerciale;Softwareagentur Hamburg
Germania;de;Software;commerciale;Softwareagentur Köln
Germania;de;Software;commerciale;Softwareagentur Stuttgart
Germania;de;Software;commerciale;Softwareagentur Frankfurt
Germania;de;Software;commerciale;Softwareagentur Düsseldorf
Germania;de;Software;commerciale;Softwareagentur Nürnberg
Germania;de;Software;commerciale;Softwareagentur Leipzig
Germania;de;Software;commerciale;Softwareagentur Bayern
Germania;de;Software;commerciale;Softwareagentur Baden-Württemberg
Germania;de;Software;commerciale;Softwareagentur NRW
Germania;de;SEO e Ads;commerciale;SEO Agentur Deutschland
Germania;de;SEO e Ads;commerciale;SEO Agentur München
Germania;de;SEO e Ads;commerciale;SEO Agentur Berlin
Germania;de;SEO e Ads;commerciale;SEO Agentur Hamburg
Germania;de;SEO e Ads;commerciale;SEO Agentur Köln
Germania;de;SEO e Ads;commerciale;SEO Agentur Stuttgart
Germania;de;SEO e Ads;commerciale;SEO Agentur Frankfurt
Germania;de;SEO e Ads;commerciale;SEO Agentur Düsseldorf
Germania;de;SEO e Ads;commerciale;SEO Agentur Nürnberg
Germania;de;SEO e Ads;commerciale;SEO Agentur Leipzig
Germania;de;SEO e Ads;commerciale;SEO Agentur Bayern
Germania;de;SEO e Ads;commerciale;SEO Agentur Baden-Württemberg
Germania;de;SEO e Ads;commerciale;SEO Agentur NRW
Germania;de;SEO e Ads;commerciale;SEO Beratung Deutschland
Germania;de;SEO e Ads;commerciale;SEO Beratung München
Germania;de;SEO e Ads;commerciale;SEO Beratung Berlin
Germania;de;SEO e Ads;commerciale;SEO Beratung Hamburg
Germania;de;SEO e Ads;commerciale;SEO Beratung Köln
Germania;de;SEO e Ads;commerciale;SEO Beratung Stuttgart
Germania;de;SEO e Ads;commerciale;SEO Beratung Frankfurt
Germania;de;SEO e Ads;commerciale;SEO Beratung Düsseldorf
Germania;de;SEO e Ads;commerciale;SEO Beratung Nürnberg
Germania;de;SEO e Ads;commerciale;SEO Beratung Leipzig
Germania;de;SEO e Ads;commerciale;SEO Beratung Bayern
Germania;de;SEO e Ads;commerciale;SEO Beratung Baden-Württemberg
Germania;de;SEO e Ads;commerciale;SEO Beratung NRW
Germania;de;SEO e Ads;commerciale;Meta Ads Agentur Deutschland
Germania;de;SEO e Ads;commerciale;Meta Ads Agentur München
Germania;de;SEO e Ads;commerciale;Meta Ads Agentur Berlin
Germania;de;SEO e Ads;commerciale;Meta Ads Agentur Hamburg
Germania;de;SEO e Ads;commerciale;Meta Ads Agentur Köln
Germania;de;SEO e Ads;commerciale;Meta Ads Agentur Stuttgart
Germania;de;SEO e Ads;commerciale;Meta Ads Agentur Frankfurt
Germania;de;SEO e Ads;commerciale;Meta Ads Agentur Düsseldorf
Germania;de;SEO e Ads;commerciale;Meta Ads Agentur Nürnberg
Germania;de;SEO e Ads;commerciale;Meta Ads Agentur Leipzig
Germania;de;SEO e Ads;commerciale;Meta Ads Agentur Bayern
Germania;de;SEO e Ads;commerciale;Meta Ads Agentur Baden-Württemberg
Germania;de;SEO e Ads;commerciale;Meta Ads Agentur NRW
Germania;de;SEO e Ads;commerciale;Google Ads Agentur Deutschland
Germania;de;SEO e Ads;commerciale;Google Ads Agentur München
Germania;de;SEO e Ads;commerciale;Google Ads Agentur Berlin
Germania;de;SEO e Ads;commerciale;Google Ads Agentur Hamburg
Germania;de;SEO e Ads;commerciale;Google Ads Agentur Köln
Germania;de;SEO e Ads;commerciale;Google Ads Agentur Stuttgart
Germania;de;SEO e Ads;commerciale;Google Ads Agentur Frankfurt
Germania;de;SEO e Ads;commerciale;Google Ads Agentur Düsseldorf
Germania;de;SEO e Ads;commerciale;Google Ads Agentur Nürnberg
Germania;de;SEO e Ads;commerciale;Google Ads Agentur Leipzig
Germania;de;SEO e Ads;commerciale;Google Ads Agentur Bayern
Germania;de;SEO e Ads;commerciale;Google Ads Agentur Baden-Württemberg
Germania;de;SEO e Ads;commerciale;Google Ads Agentur NRW
Svizzera;de;Siti web;commerciale;Webagentur Schweiz
Svizzera;de;Siti web;commerciale;Webagentur Zürich
Svizzera;de;Siti web;commerciale;Webagentur Bern
Svizzera;de;Siti web;commerciale;Webagentur Basel
Svizzera;de;Siti web;commerciale;Webagentur Luzern
Svizzera;de;Siti web;commerciale;Webagentur St. Gallen
Svizzera;de;Siti web;commerciale;Webdesign Agentur Schweiz
Svizzera;de;Siti web;commerciale;Webdesign Agentur Zürich
Svizzera;de;Siti web;commerciale;Webdesign Agentur Bern
Svizzera;de;Siti web;commerciale;Webdesign Agentur Basel
Svizzera;de;Siti web;commerciale;Webdesign Agentur Luzern
Svizzera;de;Siti web;commerciale;Webdesign Agentur St. Gallen
Svizzera;de;Siti web;commerciale;Website erstellen lassen Schweiz
Svizzera;de;Siti web;commerciale;Website erstellen lassen Zürich
Svizzera;de;Siti web;commerciale;Website erstellen lassen Bern
Svizzera;de;Siti web;commerciale;Website erstellen lassen Basel
Svizzera;de;Siti web;commerciale;Website erstellen lassen Luzern
Svizzera;de;Siti web;commerciale;Website erstellen lassen St. Gallen
Svizzera;de;Siti web;commerciale;Homepage erstellen lassen Schweiz
Svizzera;de;Siti web;commerciale;Homepage erstellen lassen Zürich
Svizzera;de;Siti web;commerciale;Homepage erstellen lassen Bern
Svizzera;de;Siti web;commerciale;Homepage erstellen lassen Basel
Svizzera;de;Siti web;commerciale;Homepage erstellen lassen Luzern
Svizzera;de;Siti web;commerciale;Homepage erstellen lassen St. Gallen
Svizzera;de;Siti web;commerciale;Firmenwebsite erstellen Schweiz
Svizzera;de;Siti web;commerciale;Firmenwebsite erstellen Zürich
Svizzera;de;Siti web;commerciale;Firmenwebsite erstellen Bern
Svizzera;de;Siti web;commerciale;Firmenwebsite erstellen Basel
Svizzera;de;Siti web;commerciale;Firmenwebsite erstellen Luzern
Svizzera;de;Siti web;commerciale;Firmenwebsite erstellen St. Gallen
Svizzera;de;Siti web;commerciale;Internetagentur Schweiz
Svizzera;de;Siti web;commerciale;Internetagentur Zürich
Svizzera;de;Siti web;commerciale;Internetagentur Bern
Svizzera;de;Siti web;commerciale;Internetagentur Basel
Svizzera;de;Siti web;commerciale;Internetagentur Luzern
Svizzera;de;Siti web;commerciale;Internetagentur St. Gallen
Svizzera;de;Siti web;commerciale;Onlineshop erstellen lassen Schweiz
Svizzera;de;Siti web;commerciale;Onlineshop erstellen lassen Zürich
Svizzera;de;Siti web;commerciale;Onlineshop erstellen lassen Bern
Svizzera;de;Siti web;commerciale;Onlineshop erstellen lassen Basel
Svizzera;de;Siti web;commerciale;Onlineshop erstellen lassen Luzern
Svizzera;de;Siti web;commerciale;Onlineshop erstellen lassen St. Gallen
Svizzera;de;Siti web;commerciale;E-Commerce Agentur Schweiz
Svizzera;de;Siti web;commerciale;E-Commerce Agentur Zürich
Svizzera;de;Siti web;commerciale;E-Commerce Agentur Bern
Svizzera;de;Siti web;commerciale;E-Commerce Agentur Basel
Svizzera;de;Siti web;commerciale;E-Commerce Agentur Luzern
Svizzera;de;Siti web;commerciale;E-Commerce Agentur St. Gallen
Svizzera;de;Software;commerciale;Softwareentwicklung Schweiz
Svizzera;de;Software;commerciale;Softwareentwicklung Zürich
Svizzera;de;Software;commerciale;Softwareentwicklung Bern
Svizzera;de;Software;commerciale;Softwareentwicklung Basel
Svizzera;de;Software;commerciale;Softwareentwicklung Luzern
Svizzera;de;Software;commerciale;Softwareentwicklung St. Gallen
Svizzera;de;Software;commerciale;Individualsoftware Schweiz
Svizzera;de;Software;commerciale;Individualsoftware Zürich
Svizzera;de;Software;commerciale;Individualsoftware Bern
Svizzera;de;Software;commerciale;Individualsoftware Basel
Svizzera;de;Software;commerciale;Individualsoftware Luzern
Svizzera;de;Software;commerciale;Individualsoftware St. Gallen
Svizzera;de;Software;commerciale;Warenwirtschaftssystem Schweiz
Svizzera;de;Software;commerciale;Warenwirtschaftssystem Zürich
Svizzera;de;Software;commerciale;Warenwirtschaftssystem Bern
Svizzera;de;Software;commerciale;Warenwirtschaftssystem Basel
Svizzera;de;Software;commerciale;Warenwirtschaftssystem Luzern
Svizzera;de;Software;commerciale;Warenwirtschaftssystem St. Gallen
Svizzera;de;Software;commerciale;ERP System Schweiz
Svizzera;de;Software;commerciale;ERP System Zürich
Svizzera;de;Software;commerciale;ERP System Bern
Svizzera;de;Software;commerciale;ERP System Basel
Svizzera;de;Software;commerciale;ERP System Luzern
Svizzera;de;Software;commerciale;ERP System St. Gallen
Svizzera;de;Software;commerciale;CRM System Schweiz
Svizzera;de;Software;commerciale;CRM System Zürich
Svizzera;de;Software;commerciale;CRM System Bern
Svizzera;de;Software;commerciale;CRM System Basel
Svizzera;de;Software;commerciale;CRM System Luzern
Svizzera;de;Software;commerciale;CRM System St. Gallen
Svizzera;de;Software;commerciale;App Entwicklung Schweiz
Svizzera;de;Software;commerciale;App Entwicklung Zürich
Svizzera;de;Software;commerciale;App Entwicklung Bern
Svizzera;de;Software;commerciale;App Entwicklung Basel
Svizzera;de;Software;commerciale;App Entwicklung Luzern
Svizzera;de;Software;commerciale;App Entwicklung St. Gallen
Svizzera;de;Software;commerciale;Softwareagentur Schweiz
Svizzera;de;Software;commerciale;Softwareagentur Zürich
Svizzera;de;Software;commerciale;Softwareagentur Bern
Svizzera;de;Software;commerciale;Softwareagentur Basel
Svizzera;de;Software;commerciale;Softwareagentur Luzern
Svizzera;de;Software;commerciale;Softwareagentur St. Gallen
Svizzera;de;SEO e Ads;commerciale;SEO Agentur Schweiz
Svizzera;de;SEO e Ads;commerciale;SEO Agentur Zürich
Svizzera;de;SEO e Ads;commerciale;SEO Agentur Bern
Svizzera;de;SEO e Ads;commerciale;SEO Agentur Basel
Svizzera;de;SEO e Ads;commerciale;SEO Agentur Luzern
Svizzera;de;SEO e Ads;commerciale;SEO Agentur St. Gallen
Svizzera;de;SEO e Ads;commerciale;SEO Beratung Schweiz
Svizzera;de;SEO e Ads;commerciale;SEO Beratung Zürich
Svizzera;de;SEO e Ads;commerciale;SEO Beratung Bern
Svizzera;de;SEO e Ads;commerciale;SEO Beratung Basel
Svizzera;de;SEO e Ads;commerciale;SEO Beratung Luzern
Svizzera;de;SEO e Ads;commerciale;SEO Beratung St. Gallen
Svizzera;de;SEO e Ads;commerciale;Meta Ads Agentur Schweiz
Svizzera;de;SEO e Ads;commerciale;Meta Ads Agentur Zürich
Svizzera;de;SEO e Ads;commerciale;Meta Ads Agentur Bern
Svizzera;de;SEO e Ads;commerciale;Meta Ads Agentur Basel
Svizzera;de;SEO e Ads;commerciale;Meta Ads Agentur Luzern
Svizzera;de;SEO e Ads;commerciale;Meta Ads Agentur St. Gallen
Svizzera;de;SEO e Ads;commerciale;Google Ads Agentur Schweiz
Svizzera;de;SEO e Ads;commerciale;Google Ads Agentur Zürich
Svizzera;de;SEO e Ads;commerciale;Google Ads Agentur Bern
Svizzera;de;SEO e Ads;commerciale;Google Ads Agentur Basel
Svizzera;de;SEO e Ads;commerciale;Google Ads Agentur Luzern
Svizzera;de;SEO e Ads;commerciale;Google Ads Agentur St. Gallen
Alto Adige;de;Siti web;commerciale;Webagentur Südtirol
Alto Adige;de;Siti web;commerciale;Webagentur Bozen
Alto Adige;de;Siti web;commerciale;Webagentur Meran
Alto Adige;de;Siti web;commerciale;Webagentur Brixen
Alto Adige;de;Siti web;commerciale;Webdesign Agentur Südtirol
Alto Adige;de;Siti web;commerciale;Webdesign Agentur Bozen
Alto Adige;de;Siti web;commerciale;Webdesign Agentur Meran
Alto Adige;de;Siti web;commerciale;Webdesign Agentur Brixen
Alto Adige;de;Siti web;commerciale;Website erstellen lassen Südtirol
Alto Adige;de;Siti web;commerciale;Website erstellen lassen Bozen
Alto Adige;de;Siti web;commerciale;Website erstellen lassen Meran
Alto Adige;de;Siti web;commerciale;Website erstellen lassen Brixen
Alto Adige;de;Siti web;commerciale;Homepage erstellen lassen Südtirol
Alto Adige;de;Siti web;commerciale;Homepage erstellen lassen Bozen
Alto Adige;de;Siti web;commerciale;Homepage erstellen lassen Meran
Alto Adige;de;Siti web;commerciale;Homepage erstellen lassen Brixen
Alto Adige;de;Siti web;commerciale;Firmenwebsite erstellen Südtirol
Alto Adige;de;Siti web;commerciale;Firmenwebsite erstellen Bozen
Alto Adige;de;Siti web;commerciale;Firmenwebsite erstellen Meran
Alto Adige;de;Siti web;commerciale;Firmenwebsite erstellen Brixen
Alto Adige;de;Siti web;commerciale;Internetagentur Südtirol
Alto Adige;de;Siti web;commerciale;Internetagentur Bozen
Alto Adige;de;Siti web;commerciale;Internetagentur Meran
Alto Adige;de;Siti web;commerciale;Internetagentur Brixen
Alto Adige;de;Siti web;commerciale;Onlineshop erstellen lassen Südtirol
Alto Adige;de;Siti web;commerciale;Onlineshop erstellen lassen Bozen
Alto Adige;de;Siti web;commerciale;Onlineshop erstellen lassen Meran
Alto Adige;de;Siti web;commerciale;Onlineshop erstellen lassen Brixen
Alto Adige;de;Siti web;commerciale;E-Commerce Agentur Südtirol
Alto Adige;de;Siti web;commerciale;E-Commerce Agentur Bozen
Alto Adige;de;Siti web;commerciale;E-Commerce Agentur Meran
Alto Adige;de;Siti web;commerciale;E-Commerce Agentur Brixen
Alto Adige;de;Software;commerciale;Softwareentwicklung Südtirol
Alto Adige;de;Software;commerciale;Softwareentwicklung Bozen
Alto Adige;de;Software;commerciale;Softwareentwicklung Meran
Alto Adige;de;Software;commerciale;Softwareentwicklung Brixen
Alto Adige;de;Software;commerciale;Individualsoftware Südtirol
Alto Adige;de;Software;commerciale;Individualsoftware Bozen
Alto Adige;de;Software;commerciale;Individualsoftware Meran
Alto Adige;de;Software;commerciale;Individualsoftware Brixen
Alto Adige;de;Software;commerciale;Warenwirtschaftssystem Südtirol
Alto Adige;de;Software;commerciale;Warenwirtschaftssystem Bozen
Alto Adige;de;Software;commerciale;Warenwirtschaftssystem Meran
Alto Adige;de;Software;commerciale;Warenwirtschaftssystem Brixen
Alto Adige;de;Software;commerciale;ERP System Südtirol
Alto Adige;de;Software;commerciale;ERP System Bozen
Alto Adige;de;Software;commerciale;ERP System Meran
Alto Adige;de;Software;commerciale;ERP System Brixen
Alto Adige;de;Software;commerciale;CRM System Südtirol
Alto Adige;de;Software;commerciale;CRM System Bozen
Alto Adige;de;Software;commerciale;CRM System Meran
Alto Adige;de;Software;commerciale;CRM System Brixen
Alto Adige;de;Software;commerciale;App Entwicklung Südtirol
Alto Adige;de;Software;commerciale;App Entwicklung Bozen
Alto Adige;de;Software;commerciale;App Entwicklung Meran
Alto Adige;de;Software;commerciale;App Entwicklung Brixen
Alto Adige;de;Software;commerciale;Softwareagentur Südtirol
Alto Adige;de;Software;commerciale;Softwareagentur Bozen
Alto Adige;de;Software;commerciale;Softwareagentur Meran
Alto Adige;de;Software;commerciale;Softwareagentur Brixen
Alto Adige;de;SEO e Ads;commerciale;SEO Agentur Südtirol
Alto Adige;de;SEO e Ads;commerciale;SEO Agentur Bozen
Alto Adige;de;SEO e Ads;commerciale;SEO Agentur Meran
Alto Adige;de;SEO e Ads;commerciale;SEO Agentur Brixen
Alto Adige;de;SEO e Ads;commerciale;SEO Beratung Südtirol
Alto Adige;de;SEO e Ads;commerciale;SEO Beratung Bozen
Alto Adige;de;SEO e Ads;commerciale;SEO Beratung Meran
Alto Adige;de;SEO e Ads;commerciale;SEO Beratung Brixen
Alto Adige;de;SEO e Ads;commerciale;Meta Ads Agentur Südtirol
Alto Adige;de;SEO e Ads;commerciale;Meta Ads Agentur Bozen
Alto Adige;de;SEO e Ads;commerciale;Meta Ads Agentur Meran
Alto Adige;de;SEO e Ads;commerciale;Meta Ads Agentur Brixen
Alto Adige;de;SEO e Ads;commerciale;Google Ads Agentur Südtirol
Alto Adige;de;SEO e Ads;commerciale;Google Ads Agentur Bozen
Alto Adige;de;SEO e Ads;commerciale;Google Ads Agentur Meran
Alto Adige;de;SEO e Ads;commerciale;Google Ads Agentur Brixen
DACH;de;Siti web;commerciale;Website erstellen lassen Kosten
DACH;de;Siti web;commerciale;Firmenhomepage erstellen lassen
DACH;de;Siti web;commerciale;Website Relaunch Agentur
DACH;de;Siti web;commerciale;mehrsprachige Website erstellen
DACH;de;Siti web;commerciale;B2B Website erstellen
DACH;de;Siti web;commerciale;Landingpage erstellen lassen
DACH;de;Siti web;commerciale;Onlineshop programmieren lassen
DACH;de;Siti web;commerciale;Onlineshop mit Warenwirtschaft verbinden
DACH;de;Siti web;commerciale;schnelle Website Core Web Vitals
DACH;de;Siti web;commerciale;Website ohne WordPress
DACH;de;Siti web;commerciale;individuelle Website Programmierung
DACH;de;Software;commerciale;Individualsoftware entwickeln lassen
DACH;de;Software;commerciale;Warenwirtschaft für KMU
DACH;de;Software;commerciale;ERP für Mittelstand individuell
DACH;de;Software;commerciale;Lagerverwaltungssoftware individuell
DACH;de;Software;commerciale;Produktionsplanung Software Mittelstand
DACH;de;Software;commerciale;Software für Auftragsverwaltung
DACH;de;Software;commerciale;Stücklisten Software
DACH;de;Software;commerciale;Chargenverwaltung Software
DACH;de;Software;commerciale;Seriennummernverwaltung Software
DACH;de;Software;commerciale;Software statt Excel Tabellen
DACH;de;Software;commerciale;ERP ohne Lizenzkosten pro Nutzer
DACH;de;Software;commerciale;Schnittstellenprogrammierung ERP
DACH;de;Software;commerciale;Prozessautomatisierung Unternehmen
DACH;de;Software;commerciale;KI Integration Unternehmen
DACH;de;Software;commerciale;individuelle App für Außendienst
DACH;de;Software;commerciale;Lager App mit Barcode Scanner
DACH;de;Software;commerciale;Web App für Unternehmen entwickeln
DACH;de;Informazionali;informativa;was kostet eine Website
DACH;de;Informazionali;informativa;was kostet ein Onlineshop
DACH;de;Informazionali;informativa;was kostet ein ERP System
DACH;de;Informazionali;informativa;was kostet Individualsoftware
DACH;de;Informazionali;informativa;Standardsoftware oder Individualsoftware
DACH;de;Informazionali;informativa;ERP oder CRM Unterschied
DACH;de;Informazionali;informativa;welches Warenwirtschaftssystem für kleine Unternehmen
DACH;de;Informazionali;informativa;lohnt sich Individualsoftware
DACH;de;Informazionali;informativa;Website Agentur auswählen Kriterien
DACH;de;Nearshoring;commerciale;Softwareentwicklung Italien
DACH;de;Nearshoring;commerciale;Nearshoring Softwareentwicklung Europa
DACH;de;Nearshoring;commerciale;IT Dienstleister Norditalien
DACH;de;Nearshoring;commerciale;Softwarepartner Italien deutschsprachig
DACH;de;Nearshoring;commerciale;Webagentur die Deutsch spricht Italien
Internazionale;en;Siti web;commerciale;web design agency UK
Internazionale;en;Siti web;commerciale;web design agency London
Internazionale;en;Siti web;commerciale;web design agency Ireland
Internazionale;en;Siti web;commerciale;web design agency Dublin
Internazionale;en;Siti web;commerciale;web design agency Europe
Internazionale;en;Siti web;commerciale;web design agency Italy
Internazionale;en;Siti web;commerciale;web design agency Netherlands
Internazionale;en;Siti web;commerciale;web design agency Amsterdam
Internazionale;en;Siti web;commerciale;website development company UK
Internazionale;en;Siti web;commerciale;website development company London
Internazionale;en;Siti web;commerciale;website development company Ireland
Internazionale;en;Siti web;commerciale;website development company Dublin
Internazionale;en;Siti web;commerciale;website development company Europe
Internazionale;en;Siti web;commerciale;website development company Italy
Internazionale;en;Siti web;commerciale;website development company Netherlands
Internazionale;en;Siti web;commerciale;website development company Amsterdam
Internazionale;en;Siti web;commerciale;custom website development UK
Internazionale;en;Siti web;commerciale;custom website development London
Internazionale;en;Siti web;commerciale;custom website development Ireland
Internazionale;en;Siti web;commerciale;custom website development Dublin
Internazionale;en;Siti web;commerciale;custom website development Europe
Internazionale;en;Siti web;commerciale;custom website development Italy
Internazionale;en;Siti web;commerciale;custom website development Netherlands
Internazionale;en;Siti web;commerciale;custom website development Amsterdam
Internazionale;en;Siti web;commerciale;ecommerce development agency UK
Internazionale;en;Siti web;commerciale;ecommerce development agency London
Internazionale;en;Siti web;commerciale;ecommerce development agency Ireland
Internazionale;en;Siti web;commerciale;ecommerce development agency Dublin
Internazionale;en;Siti web;commerciale;ecommerce development agency Europe
Internazionale;en;Siti web;commerciale;ecommerce development agency Italy
Internazionale;en;Siti web;commerciale;ecommerce development agency Netherlands
Internazionale;en;Siti web;commerciale;ecommerce development agency Amsterdam
Internazionale;en;Siti web;commerciale;web development agency UK
Internazionale;en;Siti web;commerciale;web development agency London
Internazionale;en;Siti web;commerciale;web development agency Ireland
Internazionale;en;Siti web;commerciale;web development agency Dublin
Internazionale;en;Siti web;commerciale;web development agency Europe
Internazionale;en;Siti web;commerciale;web development agency Italy
Internazionale;en;Siti web;commerciale;web development agency Netherlands
Internazionale;en;Siti web;commerciale;web development agency Amsterdam
Internazionale;en;Software;commerciale;custom software development company UK
Internazionale;en;Software;commerciale;custom software development company London
Internazionale;en;Software;commerciale;custom software development company Ireland
Internazionale;en;Software;commerciale;custom software development company Dublin
Internazionale;en;Software;commerciale;custom software development company Europe
Internazionale;en;Software;commerciale;custom software development company Italy
Internazionale;en;Software;commerciale;custom software development company Netherlands
Internazionale;en;Software;commerciale;custom software development company Amsterdam
Internazionale;en;Software;commerciale;ERP development company UK
Internazionale;en;Software;commerciale;ERP development company London
Internazionale;en;Software;commerciale;ERP development company Ireland
Internazionale;en;Software;commerciale;ERP development company Dublin
Internazionale;en;Software;commerciale;ERP development company Europe
Internazionale;en;Software;commerciale;ERP development company Italy
Internazionale;en;Software;commerciale;ERP development company Netherlands
Internazionale;en;Software;commerciale;ERP development company Amsterdam
Internazionale;en;Software;commerciale;CRM development company UK
Internazionale;en;Software;commerciale;CRM development company London
Internazionale;en;Software;commerciale;CRM development company Ireland
Internazionale;en;Software;commerciale;CRM development company Dublin
Internazionale;en;Software;commerciale;CRM development company Europe
Internazionale;en;Software;commerciale;CRM development company Italy
Internazionale;en;Software;commerciale;CRM development company Netherlands
Internazionale;en;Software;commerciale;CRM development company Amsterdam
Internazionale;en;Software;commerciale;mobile app development company UK
Internazionale;en;Software;commerciale;mobile app development company London
Internazionale;en;Software;commerciale;mobile app development company Ireland
Internazionale;en;Software;commerciale;mobile app development company Dublin
Internazionale;en;Software;commerciale;mobile app development company Europe
Internazionale;en;Software;commerciale;mobile app development company Italy
Internazionale;en;Software;commerciale;mobile app development company Netherlands
Internazionale;en;Software;commerciale;mobile app development company Amsterdam
Internazionale;en;Software;commerciale;software development agency UK
Internazionale;en;Software;commerciale;software development agency London
Internazionale;en;Software;commerciale;software development agency Ireland
Internazionale;en;Software;commerciale;software development agency Dublin
Internazionale;en;Software;commerciale;software development agency Europe
Internazionale;en;Software;commerciale;software development agency Italy
Internazionale;en;Software;commerciale;software development agency Netherlands
Internazionale;en;Software;commerciale;software development agency Amsterdam
Internazionale;en;Siti web;commerciale;custom website development for manufacturers
Internazionale;en;Siti web;commerciale;multilingual website development
Internazionale;en;Siti web;commerciale;b2b website development agency
Internazionale;en;Siti web;commerciale;headless ecommerce development
Internazionale;en;Siti web;commerciale;website speed optimisation service
Internazionale;en;Siti web;commerciale;website redesign agency
Internazionale;en;Siti web;commerciale;landing page development service
Internazionale;en;Software;commerciale;custom ERP development for SMEs
Internazionale;en;Software;commerciale;custom warehouse management software
Internazionale;en;Software;commerciale;custom production planning software
Internazionale;en;Software;commerciale;custom CRM for small business
Internazionale;en;Software;commerciale;erp without per user licence
Internazionale;en;Software;commerciale;replace excel with custom software
Internazionale;en;Software;commerciale;custom inventory management software
Internazionale;en;Software;commerciale;barcode warehouse app development
Internazionale;en;Software;commerciale;field service app development
Internazionale;en;Software;commerciale;business process automation service
Internazionale;en;Software;commerciale;AI integration for business
Internazionale;en;Software;commerciale;api integration services
Internazionale;en;Software;commerciale;erp ecommerce integration service
Internazionale;en;Nearshoring;commerciale;nearshore software development Italy
Internazionale;en;Nearshoring;commerciale;nearshore development Europe
Internazionale;en;Nearshoring;commerciale;offshore software development Europe
Internazionale;en;Nearshoring;commerciale;software development outsourcing Italy
Internazionale;en;Nearshoring;commerciale;italian software development company
Internazionale;en;Nearshoring;commerciale;european custom software partner
Internazionale;en;Informazionali;informativa;how much does a website cost
Internazionale;en;Informazionali;informativa;how much does custom software cost
Internazionale;en;Informazionali;informativa;how much does an erp cost
Internazionale;en;Informazionali;informativa;custom software vs off the shelf
Internazionale;en;Informazionali;informativa;erp vs crm difference
Internazionale;en;Informazionali;informativa;how to choose a web agency
Internazionale;en;Informazionali;informativa;build vs buy erp
Internazionale;en;SEO e Ads;commerciale;seo agency for b2b
Internazionale;en;SEO e Ads;commerciale;international seo agency
Internazionale;en;SEO e Ads;commerciale;technical seo audit service
Internazionale;en;SEO e Ads;commerciale;meta ads agency
Internazionale;en;SEO e Ads;commerciale;facebook ads agency for b2b
Francia;fr;Siti web;commerciale;création site internet France
Francia;fr;Siti web;commerciale;création site internet Paris
Francia;fr;Siti web;commerciale;création site internet Lyon
Francia;fr;Siti web;commerciale;création site internet Marseille
Francia;fr;Siti web;commerciale;création site internet Toulouse
Francia;fr;Siti web;commerciale;création site internet Nice
Francia;fr;Siti web;commerciale;création site internet Bordeaux
Francia;fr;Siti web;commerciale;création site internet Lille
Francia;fr;Siti web;commerciale;création site internet Strasbourg
Francia;fr;Siti web;commerciale;création site internet Nantes
Francia;fr;Siti web;commerciale;création site internet Grenoble
Francia;fr;Siti web;commerciale;création site internet Rennes
Francia;fr;Siti web;commerciale;création site internet Montpellier
Francia;fr;Siti web;commerciale;création site internet Annecy
Francia;fr;Siti web;commerciale;création site internet Chambéry
Francia;fr;Siti web;commerciale;création site web France
Francia;fr;Siti web;commerciale;création site web Paris
Francia;fr;Siti web;commerciale;création site web Lyon
Francia;fr;Siti web;commerciale;création site web Marseille
Francia;fr;Siti web;commerciale;création site web Toulouse
Francia;fr;Siti web;commerciale;création site web Nice
Francia;fr;Siti web;commerciale;création site web Bordeaux
Francia;fr;Siti web;commerciale;création site web Lille
Francia;fr;Siti web;commerciale;création site web Strasbourg
Francia;fr;Siti web;commerciale;création site web Nantes
Francia;fr;Siti web;commerciale;création site web Grenoble
Francia;fr;Siti web;commerciale;création site web Rennes
Francia;fr;Siti web;commerciale;création site web Montpellier
Francia;fr;Siti web;commerciale;création site web Annecy
Francia;fr;Siti web;commerciale;création site web Chambéry
Francia;fr;Siti web;commerciale;agence web France
Francia;fr;Siti web;commerciale;agence web Paris
Francia;fr;Siti web;commerciale;agence web Lyon
Francia;fr;Siti web;commerciale;agence web Marseille
Francia;fr;Siti web;commerciale;agence web Toulouse
Francia;fr;Siti web;commerciale;agence web Nice
Francia;fr;Siti web;commerciale;agence web Bordeaux
Francia;fr;Siti web;commerciale;agence web Lille
Francia;fr;Siti web;commerciale;agence web Strasbourg
Francia;fr;Siti web;commerciale;agence web Nantes
Francia;fr;Siti web;commerciale;agence web Grenoble
Francia;fr;Siti web;commerciale;agence web Rennes
Francia;fr;Siti web;commerciale;agence web Montpellier
Francia;fr;Siti web;commerciale;agence web Annecy
Francia;fr;Siti web;commerciale;agence web Chambéry
Francia;fr;Siti web;commerciale;agence digitale France
Francia;fr;Siti web;commerciale;agence digitale Paris
Francia;fr;Siti web;commerciale;agence digitale Lyon
Francia;fr;Siti web;commerciale;agence digitale Marseille
Francia;fr;Siti web;commerciale;agence digitale Toulouse
Francia;fr;Siti web;commerciale;agence digitale Nice
Francia;fr;Siti web;commerciale;agence digitale Bordeaux
Francia;fr;Siti web;commerciale;agence digitale Lille
Francia;fr;Siti web;commerciale;agence digitale Strasbourg
Francia;fr;Siti web;commerciale;agence digitale Nantes
Francia;fr;Siti web;commerciale;agence digitale Grenoble
Francia;fr;Siti web;commerciale;agence digitale Rennes
Francia;fr;Siti web;commerciale;agence digitale Montpellier
Francia;fr;Siti web;commerciale;agence digitale Annecy
Francia;fr;Siti web;commerciale;agence digitale Chambéry
Francia;fr;Siti web;commerciale;refonte site internet France
Francia;fr;Siti web;commerciale;refonte site internet Paris
Francia;fr;Siti web;commerciale;refonte site internet Lyon
Francia;fr;Siti web;commerciale;refonte site internet Marseille
Francia;fr;Siti web;commerciale;refonte site internet Toulouse
Francia;fr;Siti web;commerciale;refonte site internet Nice
Francia;fr;Siti web;commerciale;refonte site internet Bordeaux
Francia;fr;Siti web;commerciale;refonte site internet Lille
Francia;fr;Siti web;commerciale;refonte site internet Strasbourg
Francia;fr;Siti web;commerciale;refonte site internet Nantes
Francia;fr;Siti web;commerciale;refonte site internet Grenoble
Francia;fr;Siti web;commerciale;refonte site internet Rennes
Francia;fr;Siti web;commerciale;refonte site internet Montpellier
Francia;fr;Siti web;commerciale;refonte site internet Annecy
Francia;fr;Siti web;commerciale;refonte site internet Chambéry
Francia;fr;Siti web;commerciale;création site e-commerce France
Francia;fr;Siti web;commerciale;création site e-commerce Paris
Francia;fr;Siti web;commerciale;création site e-commerce Lyon
Francia;fr;Siti web;commerciale;création site e-commerce Marseille
Francia;fr;Siti web;commerciale;création site e-commerce Toulouse
Francia;fr;Siti web;commerciale;création site e-commerce Nice
Francia;fr;Siti web;commerciale;création site e-commerce Bordeaux
Francia;fr;Siti web;commerciale;création site e-commerce Lille
Francia;fr;Siti web;commerciale;création site e-commerce Strasbourg
Francia;fr;Siti web;commerciale;création site e-commerce Nantes
Francia;fr;Siti web;commerciale;création site e-commerce Grenoble
Francia;fr;Siti web;commerciale;création site e-commerce Rennes
Francia;fr;Siti web;commerciale;création site e-commerce Montpellier
Francia;fr;Siti web;commerciale;création site e-commerce Annecy
Francia;fr;Siti web;commerciale;création site e-commerce Chambéry
Francia;fr;Siti web;commerciale;agence e-commerce France
Francia;fr;Siti web;commerciale;agence e-commerce Paris
Francia;fr;Siti web;commerciale;agence e-commerce Lyon
Francia;fr;Siti web;commerciale;agence e-commerce Marseille
Francia;fr;Siti web;commerciale;agence e-commerce Toulouse
Francia;fr;Siti web;commerciale;agence e-commerce Nice
Francia;fr;Siti web;commerciale;agence e-commerce Bordeaux
Francia;fr;Siti web;commerciale;agence e-commerce Lille
Francia;fr;Siti web;commerciale;agence e-commerce Strasbourg
Francia;fr;Siti web;commerciale;agence e-commerce Nantes
Francia;fr;Siti web;commerciale;agence e-commerce Grenoble
Francia;fr;Siti web;commerciale;agence e-commerce Rennes
Francia;fr;Siti web;commerciale;agence e-commerce Montpellier
Francia;fr;Siti web;commerciale;agence e-commerce Annecy
Francia;fr;Siti web;commerciale;agence e-commerce Chambéry
Francia;fr;Software;commerciale;développement logiciel sur mesure France
Francia;fr;Software;commerciale;développement logiciel sur mesure Paris
Francia;fr;Software;commerciale;développement logiciel sur mesure Lyon
Francia;fr;Software;commerciale;développement logiciel sur mesure Marseille
Francia;fr;Software;commerciale;développement logiciel sur mesure Toulouse
Francia;fr;Software;commerciale;développement logiciel sur mesure Nice
Francia;fr;Software;commerciale;développement logiciel sur mesure Bordeaux
Francia;fr;Software;commerciale;développement logiciel sur mesure Lille
Francia;fr;Software;commerciale;développement logiciel sur mesure Strasbourg
Francia;fr;Software;commerciale;développement logiciel sur mesure Nantes
Francia;fr;Software;commerciale;développement logiciel sur mesure Grenoble
Francia;fr;Software;commerciale;développement logiciel sur mesure Rennes
Francia;fr;Software;commerciale;développement logiciel sur mesure Montpellier
Francia;fr;Software;commerciale;développement logiciel sur mesure Annecy
Francia;fr;Software;commerciale;développement logiciel sur mesure Chambéry
Francia;fr;Software;commerciale;ERP sur mesure France
Francia;fr;Software;commerciale;ERP sur mesure Paris
Francia;fr;Software;commerciale;ERP sur mesure Lyon
Francia;fr;Software;commerciale;ERP sur mesure Marseille
Francia;fr;Software;commerciale;ERP sur mesure Toulouse
Francia;fr;Software;commerciale;ERP sur mesure Nice
Francia;fr;Software;commerciale;ERP sur mesure Bordeaux
Francia;fr;Software;commerciale;ERP sur mesure Lille
Francia;fr;Software;commerciale;ERP sur mesure Strasbourg
Francia;fr;Software;commerciale;ERP sur mesure Nantes
Francia;fr;Software;commerciale;ERP sur mesure Grenoble
Francia;fr;Software;commerciale;ERP sur mesure Rennes
Francia;fr;Software;commerciale;ERP sur mesure Montpellier
Francia;fr;Software;commerciale;ERP sur mesure Annecy
Francia;fr;Software;commerciale;ERP sur mesure Chambéry
Francia;fr;Software;commerciale;CRM sur mesure France
Francia;fr;Software;commerciale;CRM sur mesure Paris
Francia;fr;Software;commerciale;CRM sur mesure Lyon
Francia;fr;Software;commerciale;CRM sur mesure Marseille
Francia;fr;Software;commerciale;CRM sur mesure Toulouse
Francia;fr;Software;commerciale;CRM sur mesure Nice
Francia;fr;Software;commerciale;CRM sur mesure Bordeaux
Francia;fr;Software;commerciale;CRM sur mesure Lille
Francia;fr;Software;commerciale;CRM sur mesure Strasbourg
Francia;fr;Software;commerciale;CRM sur mesure Nantes
Francia;fr;Software;commerciale;CRM sur mesure Grenoble
Francia;fr;Software;commerciale;CRM sur mesure Rennes
Francia;fr;Software;commerciale;CRM sur mesure Montpellier
Francia;fr;Software;commerciale;CRM sur mesure Annecy
Francia;fr;Software;commerciale;CRM sur mesure Chambéry
Francia;fr;Software;commerciale;développement application mobile France
Francia;fr;Software;commerciale;développement application mobile Paris
Francia;fr;Software;commerciale;développement application mobile Lyon
Francia;fr;Software;commerciale;développement application mobile Marseille
Francia;fr;Software;commerciale;développement application mobile Toulouse
Francia;fr;Software;commerciale;développement application mobile Nice
Francia;fr;Software;commerciale;développement application mobile Bordeaux
Francia;fr;Software;commerciale;développement application mobile Lille
Francia;fr;Software;commerciale;développement application mobile Strasbourg
Francia;fr;Software;commerciale;développement application mobile Nantes
Francia;fr;Software;commerciale;développement application mobile Grenoble
Francia;fr;Software;commerciale;développement application mobile Rennes
Francia;fr;Software;commerciale;développement application mobile Montpellier
Francia;fr;Software;commerciale;développement application mobile Annecy
Francia;fr;Software;commerciale;développement application mobile Chambéry
Francia;fr;Software;commerciale;agence développement logiciel France
Francia;fr;Software;commerciale;agence développement logiciel Paris
Francia;fr;Software;commerciale;agence développement logiciel Lyon
Francia;fr;Software;commerciale;agence développement logiciel Marseille
Francia;fr;Software;commerciale;agence développement logiciel Toulouse
Francia;fr;Software;commerciale;agence développement logiciel Nice
Francia;fr;Software;commerciale;agence développement logiciel Bordeaux
Francia;fr;Software;commerciale;agence développement logiciel Lille
Francia;fr;Software;commerciale;agence développement logiciel Strasbourg
Francia;fr;Software;commerciale;agence développement logiciel Nantes
Francia;fr;Software;commerciale;agence développement logiciel Grenoble
Francia;fr;Software;commerciale;agence développement logiciel Rennes
Francia;fr;Software;commerciale;agence développement logiciel Montpellier
Francia;fr;Software;commerciale;agence développement logiciel Annecy
Francia;fr;Software;commerciale;agence développement logiciel Chambéry
Francia;fr;SEO e Ads;commerciale;agence SEO France
Francia;fr;SEO e Ads;commerciale;agence SEO Paris
Francia;fr;SEO e Ads;commerciale;agence SEO Lyon
Francia;fr;SEO e Ads;commerciale;agence SEO Marseille
Francia;fr;SEO e Ads;commerciale;agence SEO Toulouse
Francia;fr;SEO e Ads;commerciale;agence SEO Nice
Francia;fr;SEO e Ads;commerciale;agence SEO Bordeaux
Francia;fr;SEO e Ads;commerciale;agence SEO Lille
Francia;fr;SEO e Ads;commerciale;agence SEO Strasbourg
Francia;fr;SEO e Ads;commerciale;agence SEO Nantes
Francia;fr;SEO e Ads;commerciale;agence SEO Grenoble
Francia;fr;SEO e Ads;commerciale;agence SEO Rennes
Francia;fr;SEO e Ads;commerciale;agence SEO Montpellier
Francia;fr;SEO e Ads;commerciale;agence SEO Annecy
Francia;fr;SEO e Ads;commerciale;agence SEO Chambéry
Francia;fr;SEO e Ads;commerciale;référencement naturel France
Francia;fr;SEO e Ads;commerciale;référencement naturel Paris
Francia;fr;SEO e Ads;commerciale;référencement naturel Lyon
Francia;fr;SEO e Ads;commerciale;référencement naturel Marseille
Francia;fr;SEO e Ads;commerciale;référencement naturel Toulouse
Francia;fr;SEO e Ads;commerciale;référencement naturel Nice
Francia;fr;SEO e Ads;commerciale;référencement naturel Bordeaux
Francia;fr;SEO e Ads;commerciale;référencement naturel Lille
Francia;fr;SEO e Ads;commerciale;référencement naturel Strasbourg
Francia;fr;SEO e Ads;commerciale;référencement naturel Nantes
Francia;fr;SEO e Ads;commerciale;référencement naturel Grenoble
Francia;fr;SEO e Ads;commerciale;référencement naturel Rennes
Francia;fr;SEO e Ads;commerciale;référencement naturel Montpellier
Francia;fr;SEO e Ads;commerciale;référencement naturel Annecy
Francia;fr;SEO e Ads;commerciale;référencement naturel Chambéry
Francia;fr;SEO e Ads;commerciale;agence Meta Ads France
Francia;fr;SEO e Ads;commerciale;agence Meta Ads Paris
Francia;fr;SEO e Ads;commerciale;agence Meta Ads Lyon
Francia;fr;SEO e Ads;commerciale;agence Meta Ads Marseille
Francia;fr;SEO e Ads;commerciale;agence Meta Ads Toulouse
Francia;fr;SEO e Ads;commerciale;agence Meta Ads Nice
Francia;fr;SEO e Ads;commerciale;agence Meta Ads Bordeaux
Francia;fr;SEO e Ads;commerciale;agence Meta Ads Lille
Francia;fr;SEO e Ads;commerciale;agence Meta Ads Strasbourg
Francia;fr;SEO e Ads;commerciale;agence Meta Ads Nantes
Francia;fr;SEO e Ads;commerciale;agence Meta Ads Grenoble
Francia;fr;SEO e Ads;commerciale;agence Meta Ads Rennes
Francia;fr;SEO e Ads;commerciale;agence Meta Ads Montpellier
Francia;fr;SEO e Ads;commerciale;agence Meta Ads Annecy
Francia;fr;SEO e Ads;commerciale;agence Meta Ads Chambéry
Belgio;fr;Siti web;commerciale;création site internet Belgique
Belgio;fr;Siti web;commerciale;création site internet Bruxelles
Belgio;fr;Siti web;commerciale;création site internet Liège
Belgio;fr;Siti web;commerciale;création site internet Charleroi
Belgio;fr;Siti web;commerciale;création site internet Namur
Belgio;fr;Siti web;commerciale;création site web Belgique
Belgio;fr;Siti web;commerciale;création site web Bruxelles
Belgio;fr;Siti web;commerciale;création site web Liège
Belgio;fr;Siti web;commerciale;création site web Charleroi
Belgio;fr;Siti web;commerciale;création site web Namur
Belgio;fr;Siti web;commerciale;agence web Belgique
Belgio;fr;Siti web;commerciale;agence web Bruxelles
Belgio;fr;Siti web;commerciale;agence web Liège
Belgio;fr;Siti web;commerciale;agence web Charleroi
Belgio;fr;Siti web;commerciale;agence web Namur
Belgio;fr;Siti web;commerciale;agence digitale Belgique
Belgio;fr;Siti web;commerciale;agence digitale Bruxelles
Belgio;fr;Siti web;commerciale;agence digitale Liège
Belgio;fr;Siti web;commerciale;agence digitale Charleroi
Belgio;fr;Siti web;commerciale;agence digitale Namur
Belgio;fr;Siti web;commerciale;refonte site internet Belgique
Belgio;fr;Siti web;commerciale;refonte site internet Bruxelles
Belgio;fr;Siti web;commerciale;refonte site internet Liège
Belgio;fr;Siti web;commerciale;refonte site internet Charleroi
Belgio;fr;Siti web;commerciale;refonte site internet Namur
Belgio;fr;Siti web;commerciale;création site e-commerce Belgique
Belgio;fr;Siti web;commerciale;création site e-commerce Bruxelles
Belgio;fr;Siti web;commerciale;création site e-commerce Liège
Belgio;fr;Siti web;commerciale;création site e-commerce Charleroi
Belgio;fr;Siti web;commerciale;création site e-commerce Namur
Belgio;fr;Siti web;commerciale;agence e-commerce Belgique
Belgio;fr;Siti web;commerciale;agence e-commerce Bruxelles
Belgio;fr;Siti web;commerciale;agence e-commerce Liège
Belgio;fr;Siti web;commerciale;agence e-commerce Charleroi
Belgio;fr;Siti web;commerciale;agence e-commerce Namur
Belgio;fr;Software;commerciale;développement logiciel sur mesure Belgique
Belgio;fr;Software;commerciale;développement logiciel sur mesure Bruxelles
Belgio;fr;Software;commerciale;développement logiciel sur mesure Liège
Belgio;fr;Software;commerciale;développement logiciel sur mesure Charleroi
Belgio;fr;Software;commerciale;développement logiciel sur mesure Namur
Belgio;fr;Software;commerciale;ERP sur mesure Belgique
Belgio;fr;Software;commerciale;ERP sur mesure Bruxelles
Belgio;fr;Software;commerciale;ERP sur mesure Liège
Belgio;fr;Software;commerciale;ERP sur mesure Charleroi
Belgio;fr;Software;commerciale;ERP sur mesure Namur
Belgio;fr;Software;commerciale;CRM sur mesure Belgique
Belgio;fr;Software;commerciale;CRM sur mesure Bruxelles
Belgio;fr;Software;commerciale;CRM sur mesure Liège
Belgio;fr;Software;commerciale;CRM sur mesure Charleroi
Belgio;fr;Software;commerciale;CRM sur mesure Namur
Belgio;fr;Software;commerciale;développement application mobile Belgique
Belgio;fr;Software;commerciale;développement application mobile Bruxelles
Belgio;fr;Software;commerciale;développement application mobile Liège
Belgio;fr;Software;commerciale;développement application mobile Charleroi
Belgio;fr;Software;commerciale;développement application mobile Namur
Belgio;fr;Software;commerciale;agence développement logiciel Belgique
Belgio;fr;Software;commerciale;agence développement logiciel Bruxelles
Belgio;fr;Software;commerciale;agence développement logiciel Liège
Belgio;fr;Software;commerciale;agence développement logiciel Charleroi
Belgio;fr;Software;commerciale;agence développement logiciel Namur
Belgio;fr;SEO e Ads;commerciale;agence SEO Belgique
Belgio;fr;SEO e Ads;commerciale;agence SEO Bruxelles
Belgio;fr;SEO e Ads;commerciale;agence SEO Liège
Belgio;fr;SEO e Ads;commerciale;agence SEO Charleroi
Belgio;fr;SEO e Ads;commerciale;agence SEO Namur
Belgio;fr;SEO e Ads;commerciale;référencement naturel Belgique
Belgio;fr;SEO e Ads;commerciale;référencement naturel Bruxelles
Belgio;fr;SEO e Ads;commerciale;référencement naturel Liège
Belgio;fr;SEO e Ads;commerciale;référencement naturel Charleroi
Belgio;fr;SEO e Ads;commerciale;référencement naturel Namur
Belgio;fr;SEO e Ads;commerciale;agence Meta Ads Belgique
Belgio;fr;SEO e Ads;commerciale;agence Meta Ads Bruxelles
Belgio;fr;SEO e Ads;commerciale;agence Meta Ads Liège
Belgio;fr;SEO e Ads;commerciale;agence Meta Ads Charleroi
Belgio;fr;SEO e Ads;commerciale;agence Meta Ads Namur
Svizzera romanda;fr;Siti web;commerciale;création site internet Suisse romande
Svizzera romanda;fr;Siti web;commerciale;création site internet Genève
Svizzera romanda;fr;Siti web;commerciale;création site internet Lausanne
Svizzera romanda;fr;Siti web;commerciale;création site internet Neuchâtel
Svizzera romanda;fr;Siti web;commerciale;création site internet Sion
Svizzera romanda;fr;Siti web;commerciale;création site web Suisse romande
Svizzera romanda;fr;Siti web;commerciale;création site web Genève
Svizzera romanda;fr;Siti web;commerciale;création site web Lausanne
Svizzera romanda;fr;Siti web;commerciale;création site web Neuchâtel
Svizzera romanda;fr;Siti web;commerciale;création site web Sion
Svizzera romanda;fr;Siti web;commerciale;agence web Suisse romande
Svizzera romanda;fr;Siti web;commerciale;agence web Genève
Svizzera romanda;fr;Siti web;commerciale;agence web Lausanne
Svizzera romanda;fr;Siti web;commerciale;agence web Neuchâtel
Svizzera romanda;fr;Siti web;commerciale;agence web Sion
Svizzera romanda;fr;Siti web;commerciale;agence digitale Suisse romande
Svizzera romanda;fr;Siti web;commerciale;agence digitale Genève
Svizzera romanda;fr;Siti web;commerciale;agence digitale Lausanne
Svizzera romanda;fr;Siti web;commerciale;agence digitale Neuchâtel
Svizzera romanda;fr;Siti web;commerciale;agence digitale Sion
Svizzera romanda;fr;Siti web;commerciale;refonte site internet Suisse romande
Svizzera romanda;fr;Siti web;commerciale;refonte site internet Genève
Svizzera romanda;fr;Siti web;commerciale;refonte site internet Lausanne
Svizzera romanda;fr;Siti web;commerciale;refonte site internet Neuchâtel
Svizzera romanda;fr;Siti web;commerciale;refonte site internet Sion
Svizzera romanda;fr;Siti web;commerciale;création site e-commerce Suisse romande
Svizzera romanda;fr;Siti web;commerciale;création site e-commerce Genève
Svizzera romanda;fr;Siti web;commerciale;création site e-commerce Lausanne
Svizzera romanda;fr;Siti web;commerciale;création site e-commerce Neuchâtel
Svizzera romanda;fr;Siti web;commerciale;création site e-commerce Sion
Svizzera romanda;fr;Siti web;commerciale;agence e-commerce Suisse romande
Svizzera romanda;fr;Siti web;commerciale;agence e-commerce Genève
Svizzera romanda;fr;Siti web;commerciale;agence e-commerce Lausanne
Svizzera romanda;fr;Siti web;commerciale;agence e-commerce Neuchâtel
Svizzera romanda;fr;Siti web;commerciale;agence e-commerce Sion
Svizzera romanda;fr;Software;commerciale;développement logiciel sur mesure Suisse romande
Svizzera romanda;fr;Software;commerciale;développement logiciel sur mesure Genève
Svizzera romanda;fr;Software;commerciale;développement logiciel sur mesure Lausanne
Svizzera romanda;fr;Software;commerciale;développement logiciel sur mesure Neuchâtel
Svizzera romanda;fr;Software;commerciale;développement logiciel sur mesure Sion
Svizzera romanda;fr;Software;commerciale;ERP sur mesure Suisse romande
Svizzera romanda;fr;Software;commerciale;ERP sur mesure Genève
Svizzera romanda;fr;Software;commerciale;ERP sur mesure Lausanne
Svizzera romanda;fr;Software;commerciale;ERP sur mesure Neuchâtel
Svizzera romanda;fr;Software;commerciale;ERP sur mesure Sion
Svizzera romanda;fr;Software;commerciale;CRM sur mesure Suisse romande
Svizzera romanda;fr;Software;commerciale;CRM sur mesure Genève
Svizzera romanda;fr;Software;commerciale;CRM sur mesure Lausanne
Svizzera romanda;fr;Software;commerciale;CRM sur mesure Neuchâtel
Svizzera romanda;fr;Software;commerciale;CRM sur mesure Sion
Svizzera romanda;fr;Software;commerciale;développement application mobile Suisse romande
Svizzera romanda;fr;Software;commerciale;développement application mobile Genève
Svizzera romanda;fr;Software;commerciale;développement application mobile Lausanne
Svizzera romanda;fr;Software;commerciale;développement application mobile Neuchâtel
Svizzera romanda;fr;Software;commerciale;développement application mobile Sion
Svizzera romanda;fr;Software;commerciale;agence développement logiciel Suisse romande
Svizzera romanda;fr;Software;commerciale;agence développement logiciel Genève
Svizzera romanda;fr;Software;commerciale;agence développement logiciel Lausanne
Svizzera romanda;fr;Software;commerciale;agence développement logiciel Neuchâtel
Svizzera romanda;fr;Software;commerciale;agence développement logiciel Sion
Svizzera romanda;fr;SEO e Ads;commerciale;agence SEO Suisse romande
Svizzera romanda;fr;SEO e Ads;commerciale;agence SEO Genève
Svizzera romanda;fr;SEO e Ads;commerciale;agence SEO Lausanne
Svizzera romanda;fr;SEO e Ads;commerciale;agence SEO Neuchâtel
Svizzera romanda;fr;SEO e Ads;commerciale;agence SEO Sion
Svizzera romanda;fr;SEO e Ads;commerciale;référencement naturel Suisse romande
Svizzera romanda;fr;SEO e Ads;commerciale;référencement naturel Genève
Svizzera romanda;fr;SEO e Ads;commerciale;référencement naturel Lausanne
Svizzera romanda;fr;SEO e Ads;commerciale;référencement naturel Neuchâtel
Svizzera romanda;fr;SEO e Ads;commerciale;référencement naturel Sion
Svizzera romanda;fr;SEO e Ads;commerciale;agence Meta Ads Suisse romande
Svizzera romanda;fr;SEO e Ads;commerciale;agence Meta Ads Genève
Svizzera romanda;fr;SEO e Ads;commerciale;agence Meta Ads Lausanne
Svizzera romanda;fr;SEO e Ads;commerciale;agence Meta Ads Neuchâtel
Svizzera romanda;fr;SEO e Ads;commerciale;agence Meta Ads Sion
Francofonia;fr;Siti web;commerciale;création site internet sur mesure
Francofonia;fr;Siti web;commerciale;site vitrine professionnel
Francofonia;fr;Siti web;commerciale;site internet pour PME
Francofonia;fr;Siti web;commerciale;site internet multilingue
Francofonia;fr;Siti web;commerciale;site internet b2b catalogue produits
Francofonia;fr;Siti web;commerciale;landing page pour campagnes
Francofonia;fr;Siti web;commerciale;refonte site internet lent
Francofonia;fr;Siti web;commerciale;optimisation vitesse site internet
Francofonia;fr;Siti web;commerciale;site internet sans wordpress
Francofonia;fr;Siti web;commerciale;création boutique en ligne sur mesure
Francofonia;fr;Siti web;commerciale;boutique en ligne connectée à l'ERP
Francofonia;fr;Siti web;commerciale;synchronisation stock e-commerce ERP
Francofonia;fr;Siti web;commerciale;site e-commerce b2b tarifs par client
Francofonia;fr;Software;commerciale;logiciel de gestion sur mesure
Francofonia;fr;Software;commerciale;logiciel métier sur mesure
Francofonia;fr;Software;commerciale;ERP sur mesure PME
Francofonia;fr;Software;commerciale;logiciel gestion de stock sur mesure
Francofonia;fr;Software;commerciale;logiciel gestion de production
Francofonia;fr;Software;commerciale;logiciel gestion des affaires
Francofonia;fr;Software;commerciale;logiciel nomenclature production
Francofonia;fr;Software;commerciale;logiciel suivi de production
Francofonia;fr;Software;commerciale;logiciel gestion des lots et péremption
Francofonia;fr;Software;commerciale;remplacer excel par un logiciel
Francofonia;fr;Software;commerciale;ERP sans licence par utilisateur
Francofonia;fr;Software;commerciale;développement API sur mesure
Francofonia;fr;Software;commerciale;intégration de logiciels métier
Francofonia;fr;Software;commerciale;automatisation des processus entreprise
Francofonia;fr;Software;commerciale;intégration intelligence artificielle entreprise
Francofonia;fr;Software;commerciale;application mobile métier
Francofonia;fr;Software;commerciale;application terrain pour techniciens
Francofonia;fr;Software;commerciale;application entrepôt code barre
Francofonia;fr;Software;commerciale;web app sur mesure entreprise
Francofonia;fr;Informazionali;informativa;combien coûte un site internet
Francofonia;fr;Informazionali;informativa;combien coûte un site e-commerce
Francofonia;fr;Informazionali;informativa;combien coûte un ERP sur mesure
Francofonia;fr;Informazionali;informativa;prix création site internet
Francofonia;fr;Informazionali;informativa;tarif développement logiciel sur mesure
Francofonia;fr;Informazionali;informativa;ERP sur mesure ou progiciel
Francofonia;fr;Informazionali;informativa;différence ERP et CRM
Francofonia;fr;Informazionali;informativa;comment choisir une agence web
Francofonia;fr;Informazionali;informativa;développer ou acheter un ERP
Francofonia;fr;Nearshoring;commerciale;développement logiciel Italie
Francofonia;fr;Nearshoring;commerciale;nearshore développement Europe
Francofonia;fr;Nearshoring;commerciale;agence web italienne francophone
Francofonia;fr;Nearshoring;commerciale;prestataire informatique Italie du Nord
Spagna;es;Siti web;commerciale;diseño web España
Spagna;es;Siti web;commerciale;diseño web Madrid
Spagna;es;Siti web;commerciale;diseño web Barcelona
Spagna;es;Siti web;commerciale;diseño web Valencia
Spagna;es;Siti web;commerciale;diseño web Sevilla
Spagna;es;Siti web;commerciale;diseño web Bilbao
Spagna;es;Siti web;commerciale;diseño web Zaragoza
Spagna;es;Siti web;commerciale;diseño web Málaga
Spagna;es;Siti web;commerciale;diseño web Murcia
Spagna;es;Siti web;commerciale;diseño web Alicante
Spagna;es;Siti web;commerciale;diseño web Palma
Spagna;es;Siti web;commerciale;diseño web Valladolid
Spagna;es;Siti web;commerciale;diseño web Vigo
Spagna;es;Siti web;commerciale;diseño web País Vasco
Spagna;es;Siti web;commerciale;diseño web Cataluña
Spagna;es;Siti web;commerciale;diseño web Andalucía
Spagna;es;Siti web;commerciale;desarrollo web a medida España
Spagna;es;Siti web;commerciale;desarrollo web a medida Madrid
Spagna;es;Siti web;commerciale;desarrollo web a medida Barcelona
Spagna;es;Siti web;commerciale;desarrollo web a medida Valencia
Spagna;es;Siti web;commerciale;desarrollo web a medida Sevilla
Spagna;es;Siti web;commerciale;desarrollo web a medida Bilbao
Spagna;es;Siti web;commerciale;desarrollo web a medida Zaragoza
Spagna;es;Siti web;commerciale;desarrollo web a medida Málaga
Spagna;es;Siti web;commerciale;desarrollo web a medida Murcia
Spagna;es;Siti web;commerciale;desarrollo web a medida Alicante
Spagna;es;Siti web;commerciale;desarrollo web a medida Palma
Spagna;es;Siti web;commerciale;desarrollo web a medida Valladolid
Spagna;es;Siti web;commerciale;desarrollo web a medida Vigo
Spagna;es;Siti web;commerciale;desarrollo web a medida País Vasco
Spagna;es;Siti web;commerciale;desarrollo web a medida Cataluña
Spagna;es;Siti web;commerciale;desarrollo web a medida Andalucía
Spagna;es;Siti web;commerciale;agencia de diseño web España
Spagna;es;Siti web;commerciale;agencia de diseño web Madrid
Spagna;es;Siti web;commerciale;agencia de diseño web Barcelona
Spagna;es;Siti web;commerciale;agencia de diseño web Valencia
Spagna;es;Siti web;commerciale;agencia de diseño web Sevilla
Spagna;es;Siti web;commerciale;agencia de diseño web Bilbao
Spagna;es;Siti web;commerciale;agencia de diseño web Zaragoza
Spagna;es;Siti web;commerciale;agencia de diseño web Málaga
Spagna;es;Siti web;commerciale;agencia de diseño web Murcia
Spagna;es;Siti web;commerciale;agencia de diseño web Alicante
Spagna;es;Siti web;commerciale;agencia de diseño web Palma
Spagna;es;Siti web;commerciale;agencia de diseño web Valladolid
Spagna;es;Siti web;commerciale;agencia de diseño web Vigo
Spagna;es;Siti web;commerciale;agencia de diseño web País Vasco
Spagna;es;Siti web;commerciale;agencia de diseño web Cataluña
Spagna;es;Siti web;commerciale;agencia de diseño web Andalucía
Spagna;es;Siti web;commerciale;agencia web España
Spagna;es;Siti web;commerciale;agencia web Madrid
Spagna;es;Siti web;commerciale;agencia web Barcelona
Spagna;es;Siti web;commerciale;agencia web Valencia
Spagna;es;Siti web;commerciale;agencia web Sevilla
Spagna;es;Siti web;commerciale;agencia web Bilbao
Spagna;es;Siti web;commerciale;agencia web Zaragoza
Spagna;es;Siti web;commerciale;agencia web Málaga
Spagna;es;Siti web;commerciale;agencia web Murcia
Spagna;es;Siti web;commerciale;agencia web Alicante
Spagna;es;Siti web;commerciale;agencia web Palma
Spagna;es;Siti web;commerciale;agencia web Valladolid
Spagna;es;Siti web;commerciale;agencia web Vigo
Spagna;es;Siti web;commerciale;agencia web País Vasco
Spagna;es;Siti web;commerciale;agencia web Cataluña
Spagna;es;Siti web;commerciale;agencia web Andalucía
Spagna;es;Siti web;commerciale;crear tienda online España
Spagna;es;Siti web;commerciale;crear tienda online Madrid
Spagna;es;Siti web;commerciale;crear tienda online Barcelona
Spagna;es;Siti web;commerciale;crear tienda online Valencia
Spagna;es;Siti web;commerciale;crear tienda online Sevilla
Spagna;es;Siti web;commerciale;crear tienda online Bilbao
Spagna;es;Siti web;commerciale;crear tienda online Zaragoza
Spagna;es;Siti web;commerciale;crear tienda online Málaga
Spagna;es;Siti web;commerciale;crear tienda online Murcia
Spagna;es;Siti web;commerciale;crear tienda online Alicante
Spagna;es;Siti web;commerciale;crear tienda online Palma
Spagna;es;Siti web;commerciale;crear tienda online Valladolid
Spagna;es;Siti web;commerciale;crear tienda online Vigo
Spagna;es;Siti web;commerciale;crear tienda online País Vasco
Spagna;es;Siti web;commerciale;crear tienda online Cataluña
Spagna;es;Siti web;commerciale;crear tienda online Andalucía
Spagna;es;Siti web;commerciale;desarrollo ecommerce España
Spagna;es;Siti web;commerciale;desarrollo ecommerce Madrid
Spagna;es;Siti web;commerciale;desarrollo ecommerce Barcelona
Spagna;es;Siti web;commerciale;desarrollo ecommerce Valencia
Spagna;es;Siti web;commerciale;desarrollo ecommerce Sevilla
Spagna;es;Siti web;commerciale;desarrollo ecommerce Bilbao
Spagna;es;Siti web;commerciale;desarrollo ecommerce Zaragoza
Spagna;es;Siti web;commerciale;desarrollo ecommerce Málaga
Spagna;es;Siti web;commerciale;desarrollo ecommerce Murcia
Spagna;es;Siti web;commerciale;desarrollo ecommerce Alicante
Spagna;es;Siti web;commerciale;desarrollo ecommerce Palma
Spagna;es;Siti web;commerciale;desarrollo ecommerce Valladolid
Spagna;es;Siti web;commerciale;desarrollo ecommerce Vigo
Spagna;es;Siti web;commerciale;desarrollo ecommerce País Vasco
Spagna;es;Siti web;commerciale;desarrollo ecommerce Cataluña
Spagna;es;Siti web;commerciale;desarrollo ecommerce Andalucía
Spagna;es;Siti web;commerciale;rediseño web España
Spagna;es;Siti web;commerciale;rediseño web Madrid
Spagna;es;Siti web;commerciale;rediseño web Barcelona
Spagna;es;Siti web;commerciale;rediseño web Valencia
Spagna;es;Siti web;commerciale;rediseño web Sevilla
Spagna;es;Siti web;commerciale;rediseño web Bilbao
Spagna;es;Siti web;commerciale;rediseño web Zaragoza
Spagna;es;Siti web;commerciale;rediseño web Málaga
Spagna;es;Siti web;commerciale;rediseño web Murcia
Spagna;es;Siti web;commerciale;rediseño web Alicante
Spagna;es;Siti web;commerciale;rediseño web Palma
Spagna;es;Siti web;commerciale;rediseño web Valladolid
Spagna;es;Siti web;commerciale;rediseño web Vigo
Spagna;es;Siti web;commerciale;rediseño web País Vasco
Spagna;es;Siti web;commerciale;rediseño web Cataluña
Spagna;es;Siti web;commerciale;rediseño web Andalucía
Spagna;es;Software;commerciale;desarrollo de software a medida España
Spagna;es;Software;commerciale;desarrollo de software a medida Madrid
Spagna;es;Software;commerciale;desarrollo de software a medida Barcelona
Spagna;es;Software;commerciale;desarrollo de software a medida Valencia
Spagna;es;Software;commerciale;desarrollo de software a medida Sevilla
Spagna;es;Software;commerciale;desarrollo de software a medida Bilbao
Spagna;es;Software;commerciale;desarrollo de software a medida Zaragoza
Spagna;es;Software;commerciale;desarrollo de software a medida Málaga
Spagna;es;Software;commerciale;desarrollo de software a medida Murcia
Spagna;es;Software;commerciale;desarrollo de software a medida Alicante
Spagna;es;Software;commerciale;desarrollo de software a medida Palma
Spagna;es;Software;commerciale;desarrollo de software a medida Valladolid
Spagna;es;Software;commerciale;desarrollo de software a medida Vigo
Spagna;es;Software;commerciale;desarrollo de software a medida País Vasco
Spagna;es;Software;commerciale;desarrollo de software a medida Cataluña
Spagna;es;Software;commerciale;desarrollo de software a medida Andalucía
Spagna;es;Software;commerciale;ERP a medida España
Spagna;es;Software;commerciale;ERP a medida Madrid
Spagna;es;Software;commerciale;ERP a medida Barcelona
Spagna;es;Software;commerciale;ERP a medida Valencia
Spagna;es;Software;commerciale;ERP a medida Sevilla
Spagna;es;Software;commerciale;ERP a medida Bilbao
Spagna;es;Software;commerciale;ERP a medida Zaragoza
Spagna;es;Software;commerciale;ERP a medida Málaga
Spagna;es;Software;commerciale;ERP a medida Murcia
Spagna;es;Software;commerciale;ERP a medida Alicante
Spagna;es;Software;commerciale;ERP a medida Palma
Spagna;es;Software;commerciale;ERP a medida Valladolid
Spagna;es;Software;commerciale;ERP a medida Vigo
Spagna;es;Software;commerciale;ERP a medida País Vasco
Spagna;es;Software;commerciale;ERP a medida Cataluña
Spagna;es;Software;commerciale;ERP a medida Andalucía
Spagna;es;Software;commerciale;CRM a medida España
Spagna;es;Software;commerciale;CRM a medida Madrid
Spagna;es;Software;commerciale;CRM a medida Barcelona
Spagna;es;Software;commerciale;CRM a medida Valencia
Spagna;es;Software;commerciale;CRM a medida Sevilla
Spagna;es;Software;commerciale;CRM a medida Bilbao
Spagna;es;Software;commerciale;CRM a medida Zaragoza
Spagna;es;Software;commerciale;CRM a medida Málaga
Spagna;es;Software;commerciale;CRM a medida Murcia
Spagna;es;Software;commerciale;CRM a medida Alicante
Spagna;es;Software;commerciale;CRM a medida Palma
Spagna;es;Software;commerciale;CRM a medida Valladolid
Spagna;es;Software;commerciale;CRM a medida Vigo
Spagna;es;Software;commerciale;CRM a medida País Vasco
Spagna;es;Software;commerciale;CRM a medida Cataluña
Spagna;es;Software;commerciale;CRM a medida Andalucía
Spagna;es;Software;commerciale;desarrollo de aplicaciones móviles España
Spagna;es;Software;commerciale;desarrollo de aplicaciones móviles Madrid
Spagna;es;Software;commerciale;desarrollo de aplicaciones móviles Barcelona
Spagna;es;Software;commerciale;desarrollo de aplicaciones móviles Valencia
Spagna;es;Software;commerciale;desarrollo de aplicaciones móviles Sevilla
Spagna;es;Software;commerciale;desarrollo de aplicaciones móviles Bilbao
Spagna;es;Software;commerciale;desarrollo de aplicaciones móviles Zaragoza
Spagna;es;Software;commerciale;desarrollo de aplicaciones móviles Málaga
Spagna;es;Software;commerciale;desarrollo de aplicaciones móviles Murcia
Spagna;es;Software;commerciale;desarrollo de aplicaciones móviles Alicante
Spagna;es;Software;commerciale;desarrollo de aplicaciones móviles Palma
Spagna;es;Software;commerciale;desarrollo de aplicaciones móviles Valladolid
Spagna;es;Software;commerciale;desarrollo de aplicaciones móviles Vigo
Spagna;es;Software;commerciale;desarrollo de aplicaciones móviles País Vasco
Spagna;es;Software;commerciale;desarrollo de aplicaciones móviles Cataluña
Spagna;es;Software;commerciale;desarrollo de aplicaciones móviles Andalucía
Spagna;es;Software;commerciale;empresa de desarrollo de software España
Spagna;es;Software;commerciale;empresa de desarrollo de software Madrid
Spagna;es;Software;commerciale;empresa de desarrollo de software Barcelona
Spagna;es;Software;commerciale;empresa de desarrollo de software Valencia
Spagna;es;Software;commerciale;empresa de desarrollo de software Sevilla
Spagna;es;Software;commerciale;empresa de desarrollo de software Bilbao
Spagna;es;Software;commerciale;empresa de desarrollo de software Zaragoza
Spagna;es;Software;commerciale;empresa de desarrollo de software Málaga
Spagna;es;Software;commerciale;empresa de desarrollo de software Murcia
Spagna;es;Software;commerciale;empresa de desarrollo de software Alicante
Spagna;es;Software;commerciale;empresa de desarrollo de software Palma
Spagna;es;Software;commerciale;empresa de desarrollo de software Valladolid
Spagna;es;Software;commerciale;empresa de desarrollo de software Vigo
Spagna;es;Software;commerciale;empresa de desarrollo de software País Vasco
Spagna;es;Software;commerciale;empresa de desarrollo de software Cataluña
Spagna;es;Software;commerciale;empresa de desarrollo de software Andalucía
Spagna;es;SEO e Ads;commerciale;agencia SEO España
Spagna;es;SEO e Ads;commerciale;agencia SEO Madrid
Spagna;es;SEO e Ads;commerciale;agencia SEO Barcelona
Spagna;es;SEO e Ads;commerciale;agencia SEO Valencia
Spagna;es;SEO e Ads;commerciale;agencia SEO Sevilla
Spagna;es;SEO e Ads;commerciale;agencia SEO Bilbao
Spagna;es;SEO e Ads;commerciale;agencia SEO Zaragoza
Spagna;es;SEO e Ads;commerciale;agencia SEO Málaga
Spagna;es;SEO e Ads;commerciale;agencia SEO Murcia
Spagna;es;SEO e Ads;commerciale;agencia SEO Alicante
Spagna;es;SEO e Ads;commerciale;agencia SEO Palma
Spagna;es;SEO e Ads;commerciale;agencia SEO Valladolid
Spagna;es;SEO e Ads;commerciale;agencia SEO Vigo
Spagna;es;SEO e Ads;commerciale;agencia SEO País Vasco
Spagna;es;SEO e Ads;commerciale;agencia SEO Cataluña
Spagna;es;SEO e Ads;commerciale;agencia SEO Andalucía
Spagna;es;SEO e Ads;commerciale;posicionamiento web España
Spagna;es;SEO e Ads;commerciale;posicionamiento web Madrid
Spagna;es;SEO e Ads;commerciale;posicionamiento web Barcelona
Spagna;es;SEO e Ads;commerciale;posicionamiento web Valencia
Spagna;es;SEO e Ads;commerciale;posicionamiento web Sevilla
Spagna;es;SEO e Ads;commerciale;posicionamiento web Bilbao
Spagna;es;SEO e Ads;commerciale;posicionamiento web Zaragoza
Spagna;es;SEO e Ads;commerciale;posicionamiento web Málaga
Spagna;es;SEO e Ads;commerciale;posicionamiento web Murcia
Spagna;es;SEO e Ads;commerciale;posicionamiento web Alicante
Spagna;es;SEO e Ads;commerciale;posicionamiento web Palma
Spagna;es;SEO e Ads;commerciale;posicionamiento web Valladolid
Spagna;es;SEO e Ads;commerciale;posicionamiento web Vigo
Spagna;es;SEO e Ads;commerciale;posicionamiento web País Vasco
Spagna;es;SEO e Ads;commerciale;posicionamiento web Cataluña
Spagna;es;SEO e Ads;commerciale;posicionamiento web Andalucía
Spagna;es;SEO e Ads;commerciale;agencia Meta Ads España
Spagna;es;SEO e Ads;commerciale;agencia Meta Ads Madrid
Spagna;es;SEO e Ads;commerciale;agencia Meta Ads Barcelona
Spagna;es;SEO e Ads;commerciale;agencia Meta Ads Valencia
Spagna;es;SEO e Ads;commerciale;agencia Meta Ads Sevilla
Spagna;es;SEO e Ads;commerciale;agencia Meta Ads Bilbao
Spagna;es;SEO e Ads;commerciale;agencia Meta Ads Zaragoza
Spagna;es;SEO e Ads;commerciale;agencia Meta Ads Málaga
Spagna;es;SEO e Ads;commerciale;agencia Meta Ads Murcia
Spagna;es;SEO e Ads;commerciale;agencia Meta Ads Alicante
Spagna;es;SEO e Ads;commerciale;agencia Meta Ads Palma
Spagna;es;SEO e Ads;commerciale;agencia Meta Ads Valladolid
Spagna;es;SEO e Ads;commerciale;agencia Meta Ads Vigo
Spagna;es;SEO e Ads;commerciale;agencia Meta Ads País Vasco
Spagna;es;SEO e Ads;commerciale;agencia Meta Ads Cataluña
Spagna;es;SEO e Ads;commerciale;agencia Meta Ads Andalucía
America Latina;es;Siti web;commerciale;diseño web México
America Latina;es;Siti web;commerciale;diseño web Ciudad de México
America Latina;es;Siti web;commerciale;diseño web Colombia
America Latina;es;Siti web;commerciale;diseño web Bogotá
America Latina;es;Siti web;commerciale;diseño web Argentina
America Latina;es;Siti web;commerciale;diseño web Buenos Aires
America Latina;es;Siti web;commerciale;diseño web Chile
America Latina;es;Siti web;commerciale;diseño web Santiago
America Latina;es;Siti web;commerciale;diseño web Perú
America Latina;es;Siti web;commerciale;diseño web Lima
America Latina;es;Siti web;commerciale;desarrollo web a medida México
America Latina;es;Siti web;commerciale;desarrollo web a medida Ciudad de México
America Latina;es;Siti web;commerciale;desarrollo web a medida Colombia
America Latina;es;Siti web;commerciale;desarrollo web a medida Bogotá
America Latina;es;Siti web;commerciale;desarrollo web a medida Argentina
America Latina;es;Siti web;commerciale;desarrollo web a medida Buenos Aires
America Latina;es;Siti web;commerciale;desarrollo web a medida Chile
America Latina;es;Siti web;commerciale;desarrollo web a medida Santiago
America Latina;es;Siti web;commerciale;desarrollo web a medida Perú
America Latina;es;Siti web;commerciale;desarrollo web a medida Lima
America Latina;es;Siti web;commerciale;agencia de diseño web México
America Latina;es;Siti web;commerciale;agencia de diseño web Ciudad de México
America Latina;es;Siti web;commerciale;agencia de diseño web Colombia
America Latina;es;Siti web;commerciale;agencia de diseño web Bogotá
America Latina;es;Siti web;commerciale;agencia de diseño web Argentina
America Latina;es;Siti web;commerciale;agencia de diseño web Buenos Aires
America Latina;es;Siti web;commerciale;agencia de diseño web Chile
America Latina;es;Siti web;commerciale;agencia de diseño web Santiago
America Latina;es;Siti web;commerciale;agencia de diseño web Perú
America Latina;es;Siti web;commerciale;agencia de diseño web Lima
America Latina;es;Siti web;commerciale;agencia web México
America Latina;es;Siti web;commerciale;agencia web Ciudad de México
America Latina;es;Siti web;commerciale;agencia web Colombia
America Latina;es;Siti web;commerciale;agencia web Bogotá
America Latina;es;Siti web;commerciale;agencia web Argentina
America Latina;es;Siti web;commerciale;agencia web Buenos Aires
America Latina;es;Siti web;commerciale;agencia web Chile
America Latina;es;Siti web;commerciale;agencia web Santiago
America Latina;es;Siti web;commerciale;agencia web Perú
America Latina;es;Siti web;commerciale;agencia web Lima
America Latina;es;Siti web;commerciale;crear tienda online México
America Latina;es;Siti web;commerciale;crear tienda online Ciudad de México
America Latina;es;Siti web;commerciale;crear tienda online Colombia
America Latina;es;Siti web;commerciale;crear tienda online Bogotá
America Latina;es;Siti web;commerciale;crear tienda online Argentina
America Latina;es;Siti web;commerciale;crear tienda online Buenos Aires
America Latina;es;Siti web;commerciale;crear tienda online Chile
America Latina;es;Siti web;commerciale;crear tienda online Santiago
America Latina;es;Siti web;commerciale;crear tienda online Perú
America Latina;es;Siti web;commerciale;crear tienda online Lima
America Latina;es;Siti web;commerciale;desarrollo ecommerce México
America Latina;es;Siti web;commerciale;desarrollo ecommerce Ciudad de México
America Latina;es;Siti web;commerciale;desarrollo ecommerce Colombia
America Latina;es;Siti web;commerciale;desarrollo ecommerce Bogotá
America Latina;es;Siti web;commerciale;desarrollo ecommerce Argentina
America Latina;es;Siti web;commerciale;desarrollo ecommerce Buenos Aires
America Latina;es;Siti web;commerciale;desarrollo ecommerce Chile
America Latina;es;Siti web;commerciale;desarrollo ecommerce Santiago
America Latina;es;Siti web;commerciale;desarrollo ecommerce Perú
America Latina;es;Siti web;commerciale;desarrollo ecommerce Lima
America Latina;es;Siti web;commerciale;rediseño web México
America Latina;es;Siti web;commerciale;rediseño web Ciudad de México
America Latina;es;Siti web;commerciale;rediseño web Colombia
America Latina;es;Siti web;commerciale;rediseño web Bogotá
America Latina;es;Siti web;commerciale;rediseño web Argentina
America Latina;es;Siti web;commerciale;rediseño web Buenos Aires
America Latina;es;Siti web;commerciale;rediseño web Chile
America Latina;es;Siti web;commerciale;rediseño web Santiago
America Latina;es;Siti web;commerciale;rediseño web Perú
America Latina;es;Siti web;commerciale;rediseño web Lima
America Latina;es;Software;commerciale;desarrollo de software a medida México
America Latina;es;Software;commerciale;desarrollo de software a medida Ciudad de México
America Latina;es;Software;commerciale;desarrollo de software a medida Colombia
America Latina;es;Software;commerciale;desarrollo de software a medida Bogotá
America Latina;es;Software;commerciale;desarrollo de software a medida Argentina
America Latina;es;Software;commerciale;desarrollo de software a medida Buenos Aires
America Latina;es;Software;commerciale;desarrollo de software a medida Chile
America Latina;es;Software;commerciale;desarrollo de software a medida Santiago
America Latina;es;Software;commerciale;desarrollo de software a medida Perú
America Latina;es;Software;commerciale;desarrollo de software a medida Lima
America Latina;es;Software;commerciale;ERP a medida México
America Latina;es;Software;commerciale;ERP a medida Ciudad de México
America Latina;es;Software;commerciale;ERP a medida Colombia
America Latina;es;Software;commerciale;ERP a medida Bogotá
America Latina;es;Software;commerciale;ERP a medida Argentina
America Latina;es;Software;commerciale;ERP a medida Buenos Aires
America Latina;es;Software;commerciale;ERP a medida Chile
America Latina;es;Software;commerciale;ERP a medida Santiago
America Latina;es;Software;commerciale;ERP a medida Perú
America Latina;es;Software;commerciale;ERP a medida Lima
America Latina;es;Software;commerciale;CRM a medida México
America Latina;es;Software;commerciale;CRM a medida Ciudad de México
America Latina;es;Software;commerciale;CRM a medida Colombia
America Latina;es;Software;commerciale;CRM a medida Bogotá
America Latina;es;Software;commerciale;CRM a medida Argentina
America Latina;es;Software;commerciale;CRM a medida Buenos Aires
America Latina;es;Software;commerciale;CRM a medida Chile
America Latina;es;Software;commerciale;CRM a medida Santiago
America Latina;es;Software;commerciale;CRM a medida Perú
America Latina;es;Software;commerciale;CRM a medida Lima
America Latina;es;Software;commerciale;desarrollo de aplicaciones móviles México
America Latina;es;Software;commerciale;desarrollo de aplicaciones móviles Ciudad de México
America Latina;es;Software;commerciale;desarrollo de aplicaciones móviles Colombia
America Latina;es;Software;commerciale;desarrollo de aplicaciones móviles Bogotá
America Latina;es;Software;commerciale;desarrollo de aplicaciones móviles Argentina
America Latina;es;Software;commerciale;desarrollo de aplicaciones móviles Buenos Aires
America Latina;es;Software;commerciale;desarrollo de aplicaciones móviles Chile
America Latina;es;Software;commerciale;desarrollo de aplicaciones móviles Santiago
America Latina;es;Software;commerciale;desarrollo de aplicaciones móviles Perú
America Latina;es;Software;commerciale;desarrollo de aplicaciones móviles Lima
America Latina;es;Software;commerciale;empresa de desarrollo de software México
America Latina;es;Software;commerciale;empresa de desarrollo de software Ciudad de México
America Latina;es;Software;commerciale;empresa de desarrollo de software Colombia
America Latina;es;Software;commerciale;empresa de desarrollo de software Bogotá
America Latina;es;Software;commerciale;empresa de desarrollo de software Argentina
America Latina;es;Software;commerciale;empresa de desarrollo de software Buenos Aires
America Latina;es;Software;commerciale;empresa de desarrollo de software Chile
America Latina;es;Software;commerciale;empresa de desarrollo de software Santiago
America Latina;es;Software;commerciale;empresa de desarrollo de software Perú
America Latina;es;Software;commerciale;empresa de desarrollo de software Lima
America Latina;es;SEO e Ads;commerciale;agencia SEO México
America Latina;es;SEO e Ads;commerciale;agencia SEO Ciudad de México
America Latina;es;SEO e Ads;commerciale;agencia SEO Colombia
America Latina;es;SEO e Ads;commerciale;agencia SEO Bogotá
America Latina;es;SEO e Ads;commerciale;agencia SEO Argentina
America Latina;es;SEO e Ads;commerciale;agencia SEO Buenos Aires
America Latina;es;SEO e Ads;commerciale;agencia SEO Chile
America Latina;es;SEO e Ads;commerciale;agencia SEO Santiago
America Latina;es;SEO e Ads;commerciale;agencia SEO Perú
America Latina;es;SEO e Ads;commerciale;agencia SEO Lima
America Latina;es;SEO e Ads;commerciale;posicionamiento web México
America Latina;es;SEO e Ads;commerciale;posicionamiento web Ciudad de México
America Latina;es;SEO e Ads;commerciale;posicionamiento web Colombia
America Latina;es;SEO e Ads;commerciale;posicionamiento web Bogotá
America Latina;es;SEO e Ads;commerciale;posicionamiento web Argentina
America Latina;es;SEO e Ads;commerciale;posicionamiento web Buenos Aires
America Latina;es;SEO e Ads;commerciale;posicionamiento web Chile
America Latina;es;SEO e Ads;commerciale;posicionamiento web Santiago
America Latina;es;SEO e Ads;commerciale;posicionamiento web Perú
America Latina;es;SEO e Ads;commerciale;posicionamiento web Lima
America Latina;es;SEO e Ads;commerciale;agencia Meta Ads México
America Latina;es;SEO e Ads;commerciale;agencia Meta Ads Ciudad de México
America Latina;es;SEO e Ads;commerciale;agencia Meta Ads Colombia
America Latina;es;SEO e Ads;commerciale;agencia Meta Ads Bogotá
America Latina;es;SEO e Ads;commerciale;agencia Meta Ads Argentina
America Latina;es;SEO e Ads;commerciale;agencia Meta Ads Buenos Aires
America Latina;es;SEO e Ads;commerciale;agencia Meta Ads Chile
America Latina;es;SEO e Ads;commerciale;agencia Meta Ads Santiago
America Latina;es;SEO e Ads;commerciale;agencia Meta Ads Perú
America Latina;es;SEO e Ads;commerciale;agencia Meta Ads Lima
Ispanofonia;es;Siti web;commerciale;desarrollo web a medida para empresas
Ispanofonia;es;Siti web;commerciale;página web corporativa profesional
Ispanofonia;es;Siti web;commerciale;página web para pymes
Ispanofonia;es;Siti web;commerciale;web multiidioma para empresas
Ispanofonia;es;Siti web;commerciale;web b2b catálogo de productos
Ispanofonia;es;Siti web;commerciale;landing page para campañas
Ispanofonia;es;Siti web;commerciale;rediseño de página web lenta
Ispanofonia;es;Siti web;commerciale;optimización velocidad web
Ispanofonia;es;Siti web;commerciale;página web sin wordpress
Ispanofonia;es;Siti web;commerciale;tienda online a medida
Ispanofonia;es;Siti web;commerciale;tienda online conectada al ERP
Ispanofonia;es;Siti web;commerciale;sincronización de stock ecommerce ERP
Ispanofonia;es;Siti web;commerciale;ecommerce b2b tarifas por cliente
Ispanofonia;es;Software;commerciale;software de gestión a medida
Ispanofonia;es;Software;commerciale;software empresarial a medida
Ispanofonia;es;Software;commerciale;ERP a medida para pymes
Ispanofonia;es;Software;commerciale;software de gestión de almacén
Ispanofonia;es;Software;commerciale;software de producción a medida
Ispanofonia;es;Software;commerciale;software de gestión de proyectos
Ispanofonia;es;Software;commerciale;software escandallo y lista de materiales
Ispanofonia;es;Software;commerciale;software trazabilidad lotes y caducidad
Ispanofonia;es;Software;commerciale;sustituir excel por un software
Ispanofonia;es;Software;commerciale;ERP sin licencia por usuario
Ispanofonia;es;Software;commerciale;desarrollo de API a medida
Ispanofonia;es;Software;commerciale;integración de sistemas empresariales
Ispanofonia;es;Software;commerciale;automatización de procesos empresariales
Ispanofonia;es;Software;commerciale;integración de inteligencia artificial en empresas
Ispanofonia;es;Software;commerciale;aplicación móvil para empresas
Ispanofonia;es;Software;commerciale;app para técnicos en campo
Ispanofonia;es;Software;commerciale;app de almacén con código de barras
Ispanofonia;es;Software;commerciale;web app empresarial a medida
Ispanofonia;es;Informazionali;informativa;cuánto cuesta una página web
Ispanofonia;es;Informazionali;informativa;cuánto cuesta una tienda online
Ispanofonia;es;Informazionali;informativa;cuánto cuesta un ERP a medida
Ispanofonia;es;Informazionali;informativa;precio desarrollo software a medida
Ispanofonia;es;Informazionali;informativa;software a medida o estándar
Ispanofonia;es;Informazionali;informativa;diferencia entre ERP y CRM
Ispanofonia;es;Informazionali;informativa;cómo elegir una agencia web
Ispanofonia;es;Informazionali;informativa;comprar o desarrollar un ERP
Ispanofonia;es;Nearshoring;commerciale;desarrollo de software en Italia
Ispanofonia;es;Nearshoring;commerciale;nearshore desarrollo software Europa
Ispanofonia;es;Nearshoring;commerciale;empresa de software italiana
Ispanofonia;es;Nearshoring;commerciale;proveedor informático en Europa
